,name,category,1,2,3,4,5,6,7,time
0,bug_29032457_apply,0,58.0,0.0,0.0,1.0,1.0,0.0,0.0,0.381
1,bug_29032457_apply,0,58.0,0.0,0.0,1.0,1.0,0.0,0.0,0.381
2,catcdbviews,0,51.0,1.0,0.0,1.0,9.0,0.0,0.0,0.36
3,catcdbviews,0,51.0,1.0,0.0,1.0,9.0,0.0,0.0,0.36
4,cdcore_mig,0,50.0,0.0,0.0,1.0,110.0,0.0,3.0,0.379
5,cdcore_mig,0,50.0,0.0,0.0,1.0,110.0,0.0,3.0,0.379
6,cdcore_cols,0,51.0,36.0,0.0,1.0,78.0,0.0,0.0,5.003
7,cdcore_cols,0,51.0,36.0,0.0,1.0,78.0,0.0,0.0,5.003
8,bug29261906_apply,0,57.0,0.0,0.0,1.0,0.0,0.0,0.0,0.341
9,bug29261906_apply,0,57.0,0.0,0.0,1.0,0.0,0.0,0.0,0.341
10,catappcontainer,0,55.0,8.0,0.0,1.0,16.0,0.0,0.0,0.592
11,catappcontainer,0,55.0,8.0,0.0,1.0,16.0,0.0,0.0,0.592
12,catawrrtvw,3,38525.0,148.0,0.0,31.0,332.0,0.0,21.0,2.218
13,catawrrtvw,3,38525.0,148.0,0.0,31.0,332.0,0.0,21.0,2.218
14,catawrpdbvw,2,38526.0,147.0,0.0,31.0,330.0,0.0,21.0,2.127
15,catawrpdbvw,2,38526.0,147.0,0.0,31.0,330.0,0.0,21.0,2.127
16,catawrvw,0,48.0,294.0,0.0,1.0,441.0,0.0,3.0,7.303
17,catawrvw,0,48.0,294.0,0.0,1.0,441.0,0.0,3.0,7.303
18,dbmssqlu,1,48.0,1.0,0.0,1.0,0.0,0.0,0.0,0.369
19,dbmssqlu,1,48.0,1.0,0.0,1.0,0.0,0.0,0.0,0.369
20,dbmssqlt,3,48.0,2.0,0.0,1.0,9.0,0.0,6.0,0.385
21,dbmssqlt,3,48.0,2.0,0.0,1.0,9.0,0.0,6.0,0.385
22,dbmsgwm,0,356325.0,27.0,1.0,17.0,2.0,0.0,7.0,3.04
23,dbmsgwm,0,356325.0,27.0,1.0,17.0,2.0,0.0,7.0,3.04
24,dbmsoptim,1,23.0,0.0,0.0,0.0,0.0,0.0,0.0,0.349
25,dbmsoptim,1,23.0,0.0,0.0,0.0,0.0,0.0,0.0,0.349
26,catost,3,10930.0,54.0,0.0,3.0,521.0,0.0,8.0,19.539
27,catost,3,10930.0,54.0,0.0,3.0,521.0,0.0,8.0,19.539
28,dbmsrman,2,161.0,34.0,2.0,3.0,65.0,0.0,0.0,5.715
29,dbmsrman,2,161.0,34.0,2.0,3.0,65.0,0.0,0.0,5.715
30,catadv,1,46.0,83.0,0.0,1.0,104.0,0.0,2.0,2.14
31,catadv,1,46.0,83.0,0.0,1.0,104.0,0.0,2.0,2.14
32,cataivw,1,47.0,12.0,0.0,1.0,29.0,0.0,2.0,1.106
33,cataivw,1,47.0,12.0,0.0,1.0,29.0,0.0,2.0,1.106
34,execsmb,0,47.0,0.0,0.0,1.0,0.0,0.0,0.0,0.448
35,execsmb,0,47.0,0.0,0.0,1.0,0.0,0.0,0.0,0.448
36,prvtgwm,0,937.0,33.0,0.0,17.0,4.0,0.0,0.0,7.952
37,prvtgwm,0,937.0,33.0,0.0,17.0,4.0,0.0,0.0,7.952
38,catfusrg,3,48.0,0.0,0.0,1.0,977.0,12.0,63.0,0.678
39,catfusrg,3,48.0,0.0,0.0,1.0,977.0,12.0,63.0,0.678
40,bug29394140_apply,0,57.0,0.0,0.0,1.0,1.0,0.0,0.0,0.36
41,bug29394140_apply,0,57.0,0.0,0.0,1.0,1.0,0.0,0.0,0.36
42,bug_29348176_apply,0,58.0,3.0,6.0,1.0,2.0,0.0,0.0,0.391
43,bug_29348176_apply,0,58.0,3.0,6.0,1.0,2.0,0.0,0.0,0.391
44,bug_29766207_apply,0,58.0,0.0,0.0,1.0,2.0,0.0,0.0,0.368
45,bug_29766207_apply,0,58.0,0.0,0.0,1.0,2.0,0.0,0.0,0.368
46,29201539_rollback,0,2086.0,0.0,0.0,1.0,0.0,4.0,0.0,0.367
47,29201539_rollback,0,2086.0,0.0,0.0,1.0,0.0,4.0,0.0,0.367
48,catmdloc,0,948700.0,472.0,43.0,159.0,359.0,3431.0,26.0,216.325
49,catmdloc,0,948700.0,472.0,43.0,159.0,359.0,3431.0,26.0,216.325
50,sdosempatch,0,2007.0,0.0,0.0,2.0,0.0,2.0,0.0,62.457
51,sdosempatch,0,2007.0,0.0,0.0,2.0,0.0,2.0,0.0,62.457
52,dbmsbkrs,3,110.0,0.0,0.0,1.0,0.0,0.0,0.0,0.391
53,dbmsbkrs,3,110.0,0.0,0.0,1.0,0.0,0.0,0.0,0.391
54,catmdh,0,24363.0,61.0,4.0,7.0,27.0,70.0,1.0,1.032
55,catmdh,0,24363.0,61.0,4.0,7.0,27.0,70.0,1.0,1.032
56,catmdlocp1,0,231412.0,63.0,0.0,27.0,205.0,866.0,18.0,27.067
57,catmdlocp1,0,231412.0,63.0,0.0,27.0,205.0,866.0,18.0,27.067
58,sdoepsgx,1,17844.0,0.0,0.0,1.0,5.0,10.0,1.0,4.357
59,sdoepsgx,1,17844.0,0.0,0.0,1.0,5.0,10.0,1.0,4.357
60,sdogmlsc,1,87148.0,1.0,0.0,1.0,6.0,21.0,6.0,0.448
61,sdogmlsc,1,87148.0,1.0,0.0,1.0,6.0,21.0,6.0,0.448
62,sdowfscs,0,2545464.0,8.0,0.0,27.0,189.0,622.0,19.0,5.485
63,sdowfscs,0,2545464.0,8.0,0.0,27.0,189.0,622.0,19.0,5.485
64,sdocswadm,1,7836.0,1.0,0.0,1.0,3.0,11.0,0.0,0.362
65,sdocswadm,1,7836.0,1.0,0.0,1.0,3.0,11.0,0.0,0.362
66,catmdsdop2,0,308182.0,66.0,4.0,60.0,29.0,853.0,0.0,28.448
67,catmdsdop2,0,308182.0,66.0,4.0,60.0,29.0,853.0,0.0,28.448
68,sdogrxml,1,39486.0,1.0,0.0,1.0,1.0,5.0,0.0,0.443
69,sdogrxml,1,39486.0,1.0,0.0,1.0,1.0,5.0,0.0,0.443
70,catsem,0,2423.0,0.0,0.0,0.0,3.0,1.0,0.0,61.287
71,catsem,0,2423.0,0.0,0.0,0.0,3.0,1.0,0.0,61.287
72,catmacp,3,47.0,1.0,0.0,1.0,5.0,0.0,0.0,1.491
73,catmacp,3,47.0,1.0,0.0,1.0,5.0,0.0,0.0,1.491
74,catmacg,0,47.0,271.0,0.0,1.0,232.0,0.0,0.0,2.613
75,catmacg,0,47.0,271.0,0.0,1.0,232.0,0.0,0.0,2.613
76,bug_29430866_apply,1,58.0,2.0,0.0,1.0,5.0,0.0,0.0,0.394
77,bug_29430866_apply,1,58.0,2.0,0.0,1.0,5.0,0.0,0.0,0.394
78,dbmssodacoll,0,52.0,1.0,0.0,1.0,0.0,0.0,0.0,0.715
79,dbmssodacoll,0,52.0,1.0,0.0,1.0,0.0,0.0,0.0,0.715
80,nothing,0,21.0,0.0,0.0,0.0,0.0,0.0,0.0,0.334
81,nothing,0,21.0,0.0,0.0,0.0,0.0,0.0,0.0,0.334
82,bug_29784106_prepatch,0,119.0,0.0,0.0,3.0,3.0,0.0,1.0,5.94
83,bug_29784106_prepatch,0,119.0,0.0,0.0,3.0,3.0,0.0,1.0,5.94
84,bug_29202461_apply,0,58.0,0.0,0.0,1.0,1.0,0.0,0.0,0.556
85,bug_29202461_apply,0,58.0,0.0,0.0,1.0,1.0,0.0,0.0,0.556
86,bug_29784106_postpatch,0,121.0,0.0,0.0,3.0,2.0,0.0,0.0,0.351
87,bug_29784106_postpatch,0,121.0,0.0,0.0,3.0,2.0,0.0,0.0,0.351
88,depsaq,0,376.0,20.0,0.0,7.0,23.0,0.0,0.0,0.887
89,depsaq,0,376.0,20.0,0.0,7.0,23.0,0.0,0.0,0.887
90,catxdbtm,0,48.0,4.0,0.0,1.0,10.0,0.0,3.0,1.347
91,catxdbtm,0,48.0,4.0,0.0,1.0,10.0,0.0,3.0,1.347
92,catawrtb,3,48.0,21.0,0.0,1.0,43.0,0.0,14.0,5.314
93,catawrtb,3,48.0,21.0,0.0,1.0,43.0,0.0,14.0,5.314
94,dbmsai,0,46.0,1.0,0.0,1.0,0.0,0.0,2.0,0.363
95,dbmsai,0,46.0,1.0,0.0,1.0,0.0,0.0,2.0,0.363
96,bug_28935293_apply,0,58.0,6.0,0.0,1.0,9.0,0.0,0.0,0.379
97,bug_28935293_apply,0,58.0,6.0,0.0,1.0,9.0,0.0,0.0,0.379
98,bug_30264405_apply,0,58.0,0.0,0.0,1.0,3.0,0.0,0.0,0.657
99,bug_30264405_apply,0,58.0,0.0,0.0,1.0,3.0,0.0,0.0,0.657
100,30035598_apply,0,26727.0,0.0,0.0,0.0,40.0,27.0,0.0,0.49
101,30035598_apply,0,26727.0,0.0,0.0,0.0,40.0,27.0,0.0,0.49
102,bug_30305880_apply,0,58.0,0.0,0.0,1.0,3.0,0.0,0.0,0.364
103,bug_30305880_apply,0,58.0,0.0,0.0,1.0,3.0,0.0,0.0,0.364
104,bug29416700_apply,0,57.0,0.0,0.0,1.0,0.0,0.0,0.0,0.376
105,bug29416700_apply,0,57.0,0.0,0.0,1.0,0.0,0.0,0.0,0.376
106,bug28628592_apply,1,275.0,0.0,0.0,5.0,2.0,0.0,0.0,0.394
107,bug28628592_apply,1,275.0,0.0,0.0,5.0,2.0,0.0,0.0,0.394
108,catwrrvwp,0,49.0,30.0,0.0,1.0,54.0,0.0,109.0,1.01
109,catwrrvwp,0,49.0,30.0,0.0,1.0,54.0,0.0,109.0,1.01
110,dbmsrep,0,47.0,1.0,0.0,1.0,0.0,0.0,0.0,0.362
111,dbmsrep,0,47.0,1.0,0.0,1.0,0.0,0.0,0.0,0.362
112,dbmsappcont,0,51.0,6.0,0.0,1.0,1.0,0.0,1.0,0.409
113,dbmsappcont,0,51.0,6.0,0.0,1.0,1.0,0.0,1.0,0.409
114,dbmshadp1,0,49.0,3.0,0.0,1.0,0.0,0.0,0.0,0.962
115,dbmshadp1,0,49.0,3.0,0.0,1.0,0.0,0.0,0.0,0.962
116,catmetloadxsl,0,53.0,0.0,0.0,1.0,5.0,0.0,8.0,3.702
117,catmetloadxsl,0,53.0,0.0,0.0,1.0,5.0,0.0,8.0,3.702
118,bug_29738400_apply,0,58.0,0.0,0.0,1.0,6.0,0.0,0.0,0.505
119,bug_29738400_apply,0,58.0,0.0,0.0,1.0,6.0,0.0,0.0,0.505
120,dbmsjson,1,48.0,14.0,0.0,1.0,23.0,0.0,1.0,1.381
121,dbmsjson,1,48.0,14.0,0.0,1.0,23.0,0.0,1.0,1.381
122,catwrrvwc,1,49.0,8.0,0.0,1.0,20.0,0.0,26.0,0.616
123,catwrrvwc,1,49.0,8.0,0.0,1.0,20.0,0.0,26.0,0.616
124,bug_29644426_apply,0,58.0,0.0,2.0,1.0,1.0,0.0,0.0,0.364
125,bug_29644426_apply,0,58.0,0.0,2.0,1.0,1.0,0.0,0.0,0.364
126,bug_31001455_apply,0,58.0,0.0,0.0,1.0,3.0,0.0,0.0,0.351
127,bug_31001455_apply,0,58.0,0.0,0.0,1.0,3.0,0.0,0.0,0.351
128,after_apply_script_30657706,0,67.0,0.0,0.0,1.0,0.0,0.0,0.0,1.0
129,after_apply_script_30657706,0,67.0,0.0,0.0,1.0,0.0,0.0,0.0,1.0
130,dbmsgwmco,0,49.0,22.0,0.0,1.0,2.0,0.0,1.0,1.417
131,dbmsgwmco,0,49.0,22.0,0.0,1.0,2.0,0.0,1.0,1.417
132,dbmsgwmut,0,49.0,1.0,1.0,1.0,0.0,0.0,3.0,1.278
133,dbmsgwmut,0,49.0,1.0,1.0,1.0,0.0,0.0,3.0,1.278
134,dbmsgwmdb,0,49.0,0.0,0.0,1.0,0.0,0.0,1.0,0.814
135,dbmsgwmdb,0,49.0,0.0,0.0,1.0,0.0,0.0,1.0,0.814
136,dbmsgwmpl,0,49.0,0.0,0.0,1.0,0.0,0.0,2.0,2.278
137,dbmsgwmpl,0,49.0,0.0,0.0,1.0,0.0,0.0,2.0,2.278
138,dbmshadp,0,72.0,0.0,0.0,3.0,2.0,0.0,0.0,0.94
139,dbmshadp,0,72.0,0.0,0.0,3.0,2.0,0.0,0.0,0.94
140,bug_29349874_apply,0,58.0,0.0,0.0,1.0,0.0,0.0,0.0,0.815
141,bug_29349874_apply,0,58.0,0.0,0.0,1.0,0.0,0.0,0.0,0.815
142,bug_28813931_apply,0,58.0,0.0,1.0,1.0,1.0,0.0,0.0,0.347
143,bug_28813931_apply,0,58.0,0.0,1.0,1.0,1.0,0.0,0.0,0.347
144,bug_30528547_apply,0,58.0,0.0,0.0,1.0,3.0,0.0,0.0,0.409
145,bug_30528547_apply,0,58.0,0.0,0.0,1.0,3.0,0.0,0.0,0.409
146,sdoutlh,0,61702.0,4.0,0.0,1.0,1.0,187.0,0.0,1.197
147,sdoutlh,0,61702.0,4.0,0.0,1.0,1.0,187.0,0.0,1.197
148,sdopidx,0,9410.0,1.0,0.0,1.0,0.0,5.0,0.0,0.358
149,sdopidx,0,9410.0,1.0,0.0,1.0,0.0,5.0,0.0,0.358
150,sdoaggrh,0,16882.0,1.0,0.0,1.0,0.0,31.0,0.0,1.019
151,sdoaggrh,0,16882.0,1.0,0.0,1.0,0.0,31.0,0.0,1.019
152,sdottsmeta,0,6605.0,1.0,0.0,1.0,9.0,23.0,0.0,30.562
153,sdottsmeta,0,6605.0,1.0,0.0,1.0,9.0,23.0,0.0,30.562
154,bug31414524,1,51.0,0.0,0.0,1.0,0.0,0.0,0.0,0.4
155,bug31414524,1,51.0,0.0,0.0,1.0,0.0,0.0,0.0,0.4
156,bug_30952191_apply,0,58.0,0.0,0.0,1.0,1.0,0.0,0.0,0.345
157,bug_30952191_apply,0,58.0,0.0,0.0,1.0,1.0,0.0,0.0,0.345
158,standard,0,168762.0,1.0,0.0,5.0,12.0,0.0,1.0,0.433
159,standard,0,168762.0,1.0,0.0,5.0,12.0,0.0,1.0,0.433
160,stdbody,0,52.0,0.0,0.0,1.0,12.0,0.0,0.0,0.342
161,stdbody,0,52.0,0.0,0.0,1.0,12.0,0.0,0.0,0.342
162,stdspec,3,52.0,0.0,0.0,1.0,0.0,0.0,1.0,0.355
163,stdspec,3,52.0,0.0,0.0,1.0,0.0,0.0,1.0,0.355
164,bug_29443559_apply,0,58.0,3.0,0.0,1.0,4.0,0.0,2.0,0.465
165,bug_29443559_apply,0,58.0,3.0,0.0,1.0,4.0,0.0,2.0,0.465
166,catmvrs,1,47.0,0.0,0.0,1.0,1.0,0.0,1.0,0.391
167,catmvrs,1,47.0,0.0,0.0,1.0,1.0,0.0,1.0,0.391
168,dbmsobtk,0,48.0,1.0,0.0,1.0,0.0,0.0,0.0,0.372
169,dbmsobtk,0,48.0,1.0,0.0,1.0,0.0,0.0,0.0,0.372
170,catlsby,3,47.0,43.0,1.0,1.0,486.0,14.0,1.0,12.596
171,catlsby,3,47.0,43.0,1.0,1.0,486.0,14.0,1.0,12.596
172,catpexev,1,48.0,10.0,0.0,1.0,27.0,0.0,0.0,0.548
173,catpexev,1,48.0,10.0,0.0,1.0,27.0,0.0,0.0,0.548
174,bug_30416603_apply,0,58.0,0.0,0.0,1.0,1.0,0.0,0.0,0.342
175,bug_30416603_apply,0,58.0,0.0,0.0,1.0,1.0,0.0,0.0,0.342
176,dbmssodadom,0,51.0,1.0,0.0,1.0,12.0,0.0,0.0,0.361
177,dbmssodadom,0,51.0,1.0,0.0,1.0,12.0,0.0,0.0,0.361
178,dbmssodapls,0,51.0,8.0,0.0,1.0,0.0,0.0,0.0,0.554
179,dbmssodapls,0,51.0,8.0,0.0,1.0,0.0,0.0,0.0,0.554
180,dbmssodautil,0,52.0,0.0,0.0,1.0,0.0,0.0,0.0,0.353
181,dbmssodautil,0,52.0,0.0,0.0,1.0,0.0,0.0,0.0,0.353
182,bug_31760592_apply,0,58.0,0.0,0.0,1.0,1.0,0.0,0.0,0.343
183,bug_31760592_apply,0,58.0,0.0,0.0,1.0,1.0,0.0,0.0,0.343
184,bug_31628311_apply,0,58.0,0.0,0.0,1.0,2.0,0.0,0.0,0.561
185,bug_31628311_apply,0,58.0,0.0,0.0,1.0,2.0,0.0,0.0,0.561
186,bug_31193292_apply,0,58.0,0.0,0.0,1.0,1.0,0.0,0.0,0.393
187,bug_31193292_apply,0,58.0,0.0,0.0,1.0,1.0,0.0,0.0,0.393
188,bug_31816631_apply,0,58.0,5.0,2.0,1.0,1.0,0.0,0.0,0.365
189,bug_31816631_apply,0,58.0,5.0,2.0,1.0,1.0,0.0,0.0,0.365
190,cdcore_privs,0,52.0,41.0,0.0,1.0,105.0,0.0,0.0,4.082
191,cdcore_privs,0,52.0,41.0,0.0,1.0,105.0,0.0,0.0,4.082
192,cdoptim,1,47.0,40.0,0.0,1.0,195.0,0.0,3.0,3.568
193,cdoptim,1,47.0,40.0,0.0,1.0,195.0,0.0,3.0,3.568
194,bug31092921_apply,0,57.0,0.0,0.0,1.0,1.0,0.0,1.0,0.405
195,bug31092921_apply,0,57.0,0.0,0.0,1.0,1.0,0.0,1.0,0.405
196,catspace,3,158.0,77.0,0.0,4.0,181.0,0.0,4.0,5.201
197,catspace,3,158.0,77.0,0.0,4.0,181.0,0.0,4.0,5.201
198,catlmnr,1,16605.0,15.0,0.0,3.0,142.0,0.0,0.0,1.695
199,catlmnr,1,16605.0,15.0,0.0,3.0,142.0,0.0,0.0,1.695
200,catappcont,0,50.0,17.0,0.0,1.0,12.0,0.0,2.0,1.08
201,catappcont,0,50.0,17.0,0.0,1.0,12.0,0.0,2.0,1.08
202,catbctab,0,48.0,14.0,0.0,1.0,38.0,0.0,0.0,0.696
203,catbctab,0,48.0,14.0,0.0,1.0,38.0,0.0,0.0,0.696
204,catjobq,0,47.0,6.0,0.0,1.0,9.0,0.0,0.0,0.643
205,catjobq,0,47.0,6.0,0.0,1.0,9.0,0.0,0.0,0.643
206,dbmsperf,0,48.0,1.0,0.0,1.0,12.0,0.0,2.0,0.359
207,dbmsperf,0,48.0,1.0,0.0,1.0,12.0,0.0,2.0,0.359
208,dbmscert,0,48.0,1.0,0.0,1.0,0.0,0.0,0.0,0.358
209,dbmscert,0,48.0,1.0,0.0,1.0,0.0,0.0,0.0,0.358
210,dbmsbctab,0,49.0,2.0,0.0,1.0,0.0,0.0,0.0,0.368
211,dbmsbctab,0,49.0,2.0,0.0,1.0,0.0,0.0,0.0,0.368
212,dbmstbdat,0,49.0,1.0,0.0,1.0,0.0,0.0,0.0,0.378
213,dbmstbdat,0,49.0,1.0,0.0,1.0,0.0,0.0,0.0,0.378
214,catplug,0,47.0,6.0,0.0,1.0,76.0,0.0,0.0,0.664
215,catplug,0,47.0,6.0,0.0,1.0,76.0,0.0,0.0,0.664
216,execemx,0,47.0,0.0,0.0,1.0,2.0,0.0,0.0,1.597
217,execemx,0,47.0,0.0,0.0,1.0,2.0,0.0,0.0,1.597
218,catgwmcat,0,49.0,177.0,1.0,1.0,99.0,0.0,2.0,4.756
219,catgwmcat,0,49.0,177.0,1.0,1.0,99.0,0.0,2.0,4.756
220,bug_31145804_apply,1,58.0,0.0,0.0,1.0,1.0,0.0,0.0,0.345
221,bug_31145804_apply,1,58.0,0.0,0.0,1.0,1.0,0.0,0.0,0.345
222,bug_31011361_apply,0,58.0,0.0,0.0,1.0,13.0,0.0,0.0,0.418
223,bug_31011361_apply,0,58.0,0.0,0.0,1.0,13.0,0.0,0.0,0.418
224,sdonetmd,0,86301.0,29.0,0.0,1.0,41.0,140.0,0.0,3.149
225,sdonetmd,0,86301.0,29.0,0.0,1.0,41.0,140.0,0.0,3.149
226,bug_31942136_apply,0,58.0,0.0,0.0,1.0,3.0,0.0,0.0,0.437
227,bug_31942136_apply,0,58.0,0.0,0.0,1.0,3.0,0.0,0.0,0.437
228,cataudit,3,48.0,57.0,22.0,1.0,168.0,0.0,4.0,3.245
229,cataudit,3,48.0,57.0,22.0,1.0,168.0,0.0,4.0,3.245
230,execai,1,46.0,0.0,0.0,1.0,0.0,0.0,0.0,0.386
231,execai,1,46.0,0.0,0.0,1.0,0.0,0.0,0.0,0.386
232,deptxn,0,46.0,8.0,0.0,1.0,8.0,0.0,0.0,0.62
233,deptxn,0,46.0,8.0,0.0,1.0,8.0,0.0,0.0,0.62
234,bug_31945038_apply,0,58.0,0.0,1.0,1.0,2.0,0.0,0.0,0.356
235,bug_31945038_apply,0,58.0,0.0,1.0,1.0,2.0,0.0,0.0,0.356
236,sdogr,0,132975.0,0.0,1.0,1.0,0.0,534.0,0.0,0.425
237,sdogr,0,132975.0,0.0,1.0,1.0,0.0,534.0,0.0,0.425
238,catjsont,0,48.0,6.0,0.0,1.0,3.0,0.0,0.0,0.508
239,catjsont,0,48.0,6.0,0.0,1.0,3.0,0.0,0.0,0.508
240,catmaintplan,0,52.0,1.0,0.0,1.0,0.0,0.0,0.0,0.398
241,catmaintplan,0,52.0,1.0,0.0,1.0,0.0,0.0,0.0,0.398
242,catsnap,3,47.0,94.0,0.0,1.0,179.0,0.0,30.0,6.378
243,catsnap,3,47.0,94.0,0.0,1.0,179.0,0.0,30.0,6.378
244,dbmsmaintplan,1,53.0,1.0,0.0,1.0,0.0,0.0,0.0,0.357
245,dbmsmaintplan,1,53.0,1.0,0.0,1.0,0.0,0.0,0.0,0.357
246,bug_31993795_apply,0,58.0,0.0,0.0,1.0,1.0,0.0,0.0,0.352
247,bug_31993795_apply,0,58.0,0.0,0.0,1.0,1.0,0.0,0.0,0.352
248,bug_32080081_apply,0,58.0,1.0,0.0,1.0,4.0,0.0,1.0,4.08
249,bug_32080081_apply,0,58.0,1.0,0.0,1.0,4.0,0.0,1.0,4.08
250,bug_31462082_apply,0,58.0,0.0,0.0,1.0,2.0,0.0,0.0,0.362
251,bug_31462082_apply,0,58.0,0.0,0.0,1.0,2.0,0.0,0.0,0.362
252,catmaintplanv,0,53.0,0.0,0.0,1.0,0.0,0.0,0.0,0.35
253,catmaintplanv,0,53.0,0.0,0.0,1.0,0.0,0.0,0.0,0.35
254,bug_29831567_apply,0,58.0,0.0,0.0,1.0,3.0,0.0,0.0,0.548
255,bug_29831567_apply,0,58.0,0.0,0.0,1.0,3.0,0.0,0.0,0.548
256,catstrr,0,47.0,33.0,0.0,1.0,79.0,0.0,0.0,3.991
257,catstrr,0,47.0,33.0,0.0,1.0,79.0,0.0,0.0,3.991
258,bug_32124176_apply,0,58.0,0.0,0.0,1.0,0.0,0.0,0.0,0.374
259,bug_32124176_apply,0,58.0,0.0,0.0,1.0,0.0,0.0,0.0,0.374
260,bug_32218552_apply,0,58.0,0.0,0.0,1.0,1.0,0.0,0.0,0.355
261,bug_32218552_apply,0,58.0,0.0,0.0,1.0,1.0,0.0,0.0,0.355
262,dbmsappcon,0,50.0,2.0,0.0,1.0,11.0,0.0,0.0,0.378
263,dbmsappcon,0,50.0,2.0,0.0,1.0,11.0,0.0,0.0,0.378
264,bug31374373,0,51.0,0.0,0.0,1.0,0.0,0.0,0.0,0.437
265,bug31374373,0,51.0,0.0,0.0,1.0,0.0,0.0,0.0,0.437
266,bug_32190284_apply,0,58.0,0.0,1.0,1.0,0.0,0.0,0.0,0.353
267,bug_32190284_apply,0,58.0,0.0,1.0,1.0,0.0,0.0,0.0,0.353
268,bug_30310195_apply,0,58.0,0.0,0.0,1.0,1.0,0.0,0.0,0.359
269,bug_30310195_apply,0,58.0,0.0,0.0,1.0,1.0,0.0,0.0,0.359
270,bug_32252294_apply,0,58.0,0.0,0.0,1.0,1.0,0.0,0.0,0.358
271,bug_32252294_apply,0,58.0,0.0,0.0,1.0,1.0,0.0,0.0,0.358
272,bug_32355765_apply,0,58.0,0.0,0.0,1.0,1.0,0.0,0.0,0.35
273,bug_32355765_apply,0,58.0,0.0,0.0,1.0,1.0,0.0,0.0,0.35
274,dbmsedu2,0,48.0,1.0,0.0,1.0,0.0,0.0,0.0,0.348
275,dbmsedu2,0,48.0,1.0,0.0,1.0,0.0,0.0,0.0,0.348
276,utlrcmp2,0,48.0,0.0,0.0,1.0,0.0,0.0,0.0,0.342
277,utlrcmp2,0,48.0,0.0,0.0,1.0,0.0,0.0,0.0,0.342
278,bug_32603152_postapply,0,62.0,0.0,0.0,1.0,2.0,0.0,0.0,0.442
279,bug_32603152_postapply,0,62.0,0.0,0.0,1.0,2.0,0.0,0.0,0.442
280,bug_17777718_apply,0,58.0,8.0,0.0,1.0,68.0,0.0,0.0,0.798
281,bug_17777718_apply,0,58.0,8.0,0.0,1.0,68.0,0.0,0.0,0.798
282,bug_32438777_apply,0,58.0,0.0,0.0,1.0,4.0,0.0,1.0,3.689
283,bug_32438777_apply,0,58.0,0.0,0.0,1.0,4.0,0.0,1.0,3.689
284,bug31115653_postapply,0,61.0,0.0,0.0,1.0,1.0,0.0,0.0,0.438
285,bug31115653_postapply,0,61.0,0.0,0.0,1.0,1.0,0.0,0.0,0.438
286,32385068_apply,0,6067.0,2.0,0.0,1.0,3.0,8.0,0.0,1.063
287,32385068_apply,0,6067.0,2.0,0.0,1.0,3.0,8.0,0.0,1.063
288,bug_32003908_apply,0,58.0,0.0,0.0,1.0,1.0,0.0,0.0,0.34
289,bug_32003908_apply,0,58.0,0.0,0.0,1.0,1.0,0.0,0.0,0.34
290,cdhcs,2,45.0,328.0,0.0,1.0,380.0,0.0,0.0,14.883
291,cdhcs,2,45.0,328.0,0.0,1.0,380.0,0.0,0.0,14.883
292,dbmshier,1,22.0,1.0,0.0,0.0,0.0,0.0,0.0,0.364
293,dbmshier,1,22.0,1.0,0.0,0.0,0.0,0.0,0.0,0.364
294,bug_31926848_apply,0,58.0,0.0,0.0,1.0,1.0,0.0,0.0,0.424
295,bug_31926848_apply,0,58.0,0.0,0.0,1.0,1.0,0.0,0.0,0.424
296,bug_33109335_apply,0,58.0,0.0,0.0,1.0,3.0,0.0,0.0,0.356
297,bug_33109335_apply,0,58.0,0.0,0.0,1.0,3.0,0.0,0.0,0.356
298,bug_32583355_apply,0,58.0,0.0,3.0,1.0,9.0,0.0,0.0,0.909
299,bug_32583355_apply,0,58.0,0.0,3.0,1.0,9.0,0.0,0.0,0.909
300,catggshard,0,50.0,0.0,1.0,1.0,0.0,0.0,0.0,0.362
301,catggshard,0,50.0,0.0,1.0,1.0,0.0,0.0,0.0,0.362
302,bug_32610271_apply,0,58.0,0.0,0.0,1.0,1.0,0.0,0.0,0.345
303,bug_32610271_apply,0,58.0,0.0,0.0,1.0,1.0,0.0,0.0,0.345
304,dbmsstr,0,7742508.0,35.0,2.0,48.0,4.0,0.0,0.0,0.813
305,dbmsstr,0,7742508.0,35.0,2.0,48.0,4.0,0.0,0.0,0.813
306,dbmsatsk,0,48.0,8.0,0.0,1.0,0.0,0.0,0.0,0.388
307,dbmsatsk,0,48.0,8.0,0.0,1.0,0.0,0.0,0.0,0.388
308,dbmsawr,0,47.0,3.0,0.0,1.0,2.0,0.0,7.0,0.375
309,dbmsawr,0,47.0,3.0,0.0,1.0,2.0,0.0,7.0,0.375
310,dbmschnf,0,48.0,0.0,0.0,1.0,0.0,0.0,0.0,0.346
311,dbmschnf,0,48.0,0.0,0.0,1.0,0.0,0.0,0.0,0.346
312,dbmsfus,0,47.0,1.0,0.0,1.0,2.0,0.0,0.0,0.353
313,dbmsfus,0,47.0,1.0,0.0,1.0,2.0,0.0,0.0,0.353
314,dbmsidxu,0,48.0,1.0,0.0,1.0,0.0,0.0,0.0,0.362
315,dbmsidxu,0,48.0,1.0,0.0,1.0,0.0,0.0,0.0,0.362
316,dbmsmb,0,46.0,1.0,0.0,1.0,0.0,0.0,0.0,0.353
317,dbmsmb,0,46.0,1.0,0.0,1.0,0.0,0.0,0.0,0.353
318,dbmsmntr,0,48.0,1.0,0.0,1.0,0.0,0.0,0.0,0.357
319,dbmsmntr,0,48.0,1.0,0.0,1.0,0.0,0.0,0.0,0.357
320,dbmspspi,0,48.0,1.0,0.0,1.0,0.0,0.0,0.0,0.356
321,dbmspspi,0,48.0,1.0,0.0,1.0,0.0,0.0,0.0,0.356
322,dbmsres,0,47.0,2.0,0.0,1.0,0.0,0.0,0.0,0.368
323,dbmsres,0,47.0,2.0,0.0,1.0,0.0,0.0,0.0,0.368
324,dbmsslrt,0,48.0,3.0,0.0,1.0,0.0,0.0,0.0,0.676
325,dbmsslrt,0,48.0,3.0,0.0,1.0,0.0,0.0,0.0,0.676
326,dbmsslxp,0,48.0,1.0,0.0,1.0,0.0,0.0,0.0,0.358
327,dbmsslxp,0,48.0,1.0,0.0,1.0,0.0,0.0,0.0,0.358
328,dbmstran,0,48.0,4.0,0.0,1.0,0.0,0.0,0.0,0.377
329,dbmstran,0,48.0,4.0,0.0,1.0,0.0,0.0,0.0,0.377
330,dbmstxin,0,48.0,2.0,0.0,1.0,0.0,0.0,0.0,0.386
331,dbmstxin,0,48.0,2.0,0.0,1.0,0.0,0.0,0.0,0.386
332,dbmsuadv,1,48.0,4.0,0.0,1.0,0.0,0.0,7.0,0.392
333,dbmsuadv,1,48.0,4.0,0.0,1.0,0.0,0.0,7.0,0.392
334,dbmsumf,0,47.0,1.0,0.0,1.0,0.0,0.0,0.0,0.359
335,dbmsumf,0,47.0,1.0,0.0,1.0,0.0,0.0,0.0,0.359
336,dbmssrv,0,47.0,2.0,0.0,1.0,1.0,0.0,0.0,0.396
337,dbmssrv,0,47.0,2.0,0.0,1.0,1.0,0.0,0.0,0.396
338,bug_32952285_apply,0,58.0,20.0,0.0,1.0,10.0,0.0,0.0,1.108
339,bug_32952285_apply,0,58.0,20.0,0.0,1.0,10.0,0.0,0.0,1.108
340,bug_33253504_apply,0,58.0,0.0,0.0,1.0,2.0,0.0,0.0,0.912
341,bug_33253504_apply,0,58.0,0.0,0.0,1.0,2.0,0.0,0.0,0.912
342,sdocs,0,44710.0,6.0,0.0,1.0,2.0,130.0,1.0,1.975
343,sdocs,0,44710.0,6.0,0.0,1.0,2.0,130.0,1.0,1.975
344,29201539_apply,1,1680.0,0.0,0.0,1.0,0.0,4.0,0.0,0.379
345,29201539_apply,1,1680.0,0.0,0.0,1.0,0.0,4.0,0.0,0.379
346,32131774_apply,1,1934.0,0.0,0.0,1.0,0.0,4.0,0.0,0.777
347,32131774_apply,1,1934.0,0.0,0.0,1.0,0.0,4.0,0.0,0.777
348,epsgsrids32987004,0,53359.0,1.0,1.0,0.0,32.0,100.0,0.0,0.845
349,epsgsrids32987004,0,53359.0,1.0,1.0,0.0,32.0,100.0,0.0,0.845
350,bug_31639082_apply,1,58.0,0.0,0.0,1.0,1.0,0.0,0.0,0.374
351,bug_31639082_apply,1,58.0,0.0,0.0,1.0,1.0,0.0,0.0,0.374
352,bug_32440681_apply,0,58.0,0.0,0.0,1.0,1.0,0.0,0.0,0.352
353,bug_32440681_apply,0,58.0,0.0,0.0,1.0,1.0,0.0,0.0,0.352
354,catqos,0,46.0,26.0,1.0,1.0,21.0,0.0,0.0,0.688
355,catqos,0,46.0,26.0,1.0,1.0,21.0,0.0,0.0,0.688
