Unnamed: 0,grants,size,packages,alters,commands,commits,time,md
0,14,6039,87,2,955,23,44.344,0
1,11,5811,87,2,902,17,8.766,0
2,11,193,0,0,43,2,1.982,0
3,0,36,0,0,9,0,0.488,0
4,0,23,0,0,0,0,0.419,0
5,0,49,0,0,0,0,0.408,0
6,0,76,0,0,19,7,1.023,0
7,0,16,2,2,4,0,2.535,0
8,0,4845,9,5,59,26,13.421,0
9,0,15,0,0,2,0,3.683,0
10,0,0,0,0,0,0,0.334,0
11,0,9,0,0,0,0,0.342,0
12,0,191,0,0,0,0,0.447,0
13,0,17,0,0,2,0,0.34,0
14,0,235,0,0,9,0,27.398,0
15,0,18,1,1,2,0,3.242,0
16,0,37,0,0,0,0,0.404,0
17,0,58,0,0,7,0,0.358,0
18,0,131,0,0,16,0,0.407,0
19,0,0,0,0,0,0,0.334,0
20,0,52,0,0,4,0,0.365,0
21,0,63,0,0,0,0,0.413,0
22,0,85,0,0,8,0,0.365,0
23,0,132,0,0,17,0,0.38,0
24,0,61,0,0,0,0,0.379,0
25,0,91,0,0,9,0,0.367,0
26,0,148,0,0,23,0,0.413,0
27,0,18,0,0,0,0,4.776,0
28,0,12,0,0,0,0,0.351,0
29,0,35,0,0,0,0,0.405,0
30,0,53,0,0,3,0,0.373,0
31,0,52,0,0,3,0,0.373,0
32,0,13,0,0,2,0,0.342,0
33,0,15,0,0,1,0,0.338,0
34,0,0,0,0,0,0,0.338,0
35,0,65,0,0,9,0,0.36,0
36,0,143,0,0,22,0,0.409,0
37,0,52,0,0,6,0,0.361,0
38,0,100,0,0,15,0,0.396,0
39,0,16,0,0,0,0,0.389,0
40,0,49,2,2,12,0,9.917,0
41,0,49,2,2,12,0,0.807,0
42,0,12,0,0,3,0,0.343,0
43,0,12,0,0,3,0,0.35,0
44,0,23,0,0,5,1,0.418,0
45,0,20,0,0,5,1,0.367,0
46,0,24,0,0,6,1,0.494,0
47,0,24,0,0,6,1,0.356,0
48,3,84,0,0,21,0,0.73,0
49,0,24,0,0,6,0,0.469,0
50,0,41,1,0,10,0,0.6,0
51,0,29,0,0,7,0,0.342,0
52,0,83,10,0,18,0,7.377,0
53,0,98,10,1,21,0,5.842,0
54,0,21,0,0,5,0,0.342,0
55,0,75,10,0,16,0,5.783,0
56,14,370,14,9,79,0,5.88,0
57,0,8,0,0,2,0,0.338,0
58,0,12,0,0,3,0,6.751,0
59,0,12,0,0,3,0,0.381,0
60,0,12,1,0,3,0,0.445,0
61,0,20,1,1,3,0,3.546,0
62,0,163,3,0,37,2,0.876,0
63,1,96,0,0,24,6,7.632,0
64,0,36,0,0,9,1,0.459,0
65,0,15,0,0,3,0,0.348,0
66,0,34,0,0,7,2,0.388,0
67,0,16,0,0,4,1,0.351,0
68,8,276,1,0,57,2,0.77,0
69,0,370,28,0,10,0,0.85,0
70,80,27222,65,6,5200,85,58.481,0
71,112,12579,54,6,2155,61,22.692,0
72,0,208,0,0,43,0,0.757,0
73,14,3369,35,1,552,20,4.863,0
74,0,53,0,0,8,1,0.424,0
75,4,1025,13,0,173,8,1.678,0
76,0,20,0,0,5,0,0.423,0
77,11,100,0,0,22,0,0.485,0
78,12,248,0,0,62,0,0.786,0
79,72,300,0,0,75,0,1.671,0
80,96,1164,0,0,291,0,2.078,0
81,47,2164,0,0,541,0,5.649,0
82,83,1020,0,0,255,0,3.753,0
83,0,529,0,0,76,1,0.886,0
84,0,29,0,0,5,0,0.362,0
85,12,164,0,0,41,0,1.596,0
86,0,0,0,0,0,0,0.347,0
87,3104,68249,14,5,17004,8,177.03,0
88,6,310,0,0,73,0,0.678,0
89,14,430,0,0,102,3,1.21,0
90,6,80,0,0,20,0,0.665,0
91,6,276,0,0,69,0,0.733,0
92,0,113,0,0,17,0,0.388,0
93,0,23,0,0,5,0,0.367,0
94,0,16,0,0,4,0,0.378,0
95,164,4421,0,0,1100,0,9.164,0
96,0,89,0,0,20,1,1.205,0
97,0,16,0,0,4,0,0.423,0
98,0,20,0,0,5,0,0.382,0
99,0,213,0,0,33,0,0.763,0
100,0,29,0,0,6,0,0.859,0
101,0,217,0,0,21,0,0.967,0
102,21,270,0,0,47,0,0.825,0
103,4,76,0,0,19,0,1.44,0
104,3,68,0,0,17,0,0.464,0
105,3,92,0,0,20,0,0.486,0
106,1,48,0,0,9,0,0.402,0
107,2,36,0,0,9,0,0.388,0
108,39,2396,0,0,592,3,3.745,0
109,148,2912,0,0,638,0,3.985,0
110,147,2903,0,0,638,0,4.372,0
111,15,271,3,0,59,0,1.416,0
112,148,2912,0,0,638,0,5.691,0
113,779,15417,27,15,3435,0,25.992,0
114,21,2074,0,0,376,0,4.917,0
115,758,14893,0,0,3322,0,16.756,0
116,294,4120,0,0,1030,0,5.477,0
117,10,139,0,0,31,0,0.838,0
118,14,236,0,0,53,0,1.099,0
119,14,194,0,0,47,0,0.99,0
120,0,16,0,0,4,0,1.167,0
121,21,335,4,2,80,0,1.779,0
122,5,83,0,0,17,0,0.406,0
123,6,80,0,0,20,0,0.412,0
124,8,88,0,0,22,0,0.888,0
125,11,148,0,0,27,0,0.525,0
126,8,128,0,0,27,0,1.813,0
127,51,2366,2,0,587,3,7.549,0
128,0,52,0,0,4,0,0.343,0
129,1,32,4,2,8,0,0.387,0
130,24,570,0,0,112,0,1.507,0
131,0,33,0,0,1,0,0.342,0
132,3,116,2,1,26,0,0.506,0
133,0,8,1,1,1,0,0.406,0
134,20,812,0,0,203,0,1.442,0
135,0,1,0,0,0,0,0.33,0
136,0,83,0,0,13,1,0.728,0
137,1,47,0,0,11,0,0.38,0
138,4,136,0,0,34,0,1.397,0
139,0,12,1,0,3,0,0.344,0
140,0,39,3,1,9,0,0.357,0
141,6,257,0,0,59,2,0.776,0
142,8,177,0,0,39,0,0.541,0
143,0,357,0,0,51,0,0.394,0
144,3,36,0,0,9,0,0.428,0
145,0,11628,0,0,2907,4,5.216,0
146,1,23,0,0,5,0,0.384,0
147,25,755,0,0,188,3,1.564,0
148,2,88,2,2,19,0,13.467,0
149,0,18,0,0,0,0,0.343,0
150,0,57,1,1,7,0,0.414,0
151,0,24,0,0,6,0,6.877,0
152,0,29,0,0,5,0,0.36,0
153,34,171,0,0,41,0,0.982,0
154,4,75,0,0,18,0,0.443,0
155,162,1108,0,0,274,0,2.541,0
156,561,4236,0,0,1055,2,7.09,0
157,20,776,0,0,194,0,1.433,0
158,30,988,0,0,247,0,1.846,0
159,0,8,0,0,2,0,0.332,0
160,0,623,0,0,133,0,1.443,0
161,3,125,0,0,29,0,0.494,0
162,0,27,0,0,5,0,0.357,0
163,176,1532,2,2,293,0,6.583,0
164,21,272,0,0,46,0,0.889,0
165,2,79,0,0,19,0,0.463,0
166,14,128,1,0,31,0,2.09,0
167,24,1004,0,0,251,0,2.776,0
168,24,1025,0,0,256,0,1.61,0
169,2,91,0,0,22,0,0.433,0
170,48,842,12,6,185,2,3.835,0
171,1,36,0,0,9,0,0.398,0
172,0,28,0,0,7,0,0.785,0
173,37,1064,0,0,266,0,3.632,0
174,0,321,0,0,48,0,0.893,0
175,0,119,0,0,18,1,0.465,0
176,2,99,0,0,24,1,0.424,0
177,2,40,0,0,10,0,1.136,0
178,0,130,0,0,16,0,0.387,0
179,6,268,0,0,67,0,0.699,0
180,6,114,0,5,26,0,2.178,0
181,5,172,0,0,43,0,0.83,0
182,49,2103,0,0,503,0,2.434,0
183,2,102,0,0,24,0,0.485,0
184,15,116,0,0,22,0,0.532,0
185,2,76,6,3,19,0,1.584,0
186,24,304,0,0,76,0,2.709,0
187,2,78,1,0,11,0,3.627,0
188,0,12,0,0,3,0,0.37,0
189,12,1165,0,0,199,1,2.531,0
190,42,3199,0,0,786,9,14.997,0
191,0,28,0,0,7,1,28.048,0
192,0,1504,0,0,348,1,6.748,0
193,0,156,0,0,39,0,0.491,0
194,0,3192,0,0,798,1,4.6,0
195,271,1450,0,0,361,0,2.823,0
196,0,12,0,0,3,0,3.801,0
197,382,3940,24,12,945,2,10.105,0
198,2,136,0,0,0,3,0.42,0
199,4,112,0,0,8,2,0.571,0
200,0,226,11,1,52,0,1.913,0
201,110,460,0,0,115,0,0.84,0
202,386,7405,24,12,1777,7,39.339,0
203,76,339,0,0,82,1,0.95,0
204,0,12,0,0,3,0,0.492,0
205,1,39,0,0,8,0,0.759,0
206,3,43,0,0,10,0,0.397,0
207,0,41,0,0,10,0,9.412,0
208,1052,28087,0,0,7020,0,426.948,0
209,541,2172,0,0,543,0,85.786,0
210,468,1880,0,0,470,0,108.589,0
211,0,19496,0,0,4874,0,8.171,0
212,0,8,0,0,2,0,0.335,0
213,37,2278,0,0,568,0,9.412,0
214,0,77,0,0,19,0,0.774,0
215,6,2261,0,0,565,0,3.501,0
216,0,1056,0,0,96,0,0.571,0
217,5,125,14,0,30,0,218.844,0
218,13,786,13,9,154,0,7.808,0
219,0,53,5,5,9,1,0.433,0
220,14,256,0,0,61,0,0.798,0
221,0,89,0,0,14,0,0.422,0
222,0,70,0,0,15,0,4.166,0
223,0,29,0,0,5,0,0.354,0
224,26,750,0,0,144,1,1.12,0
225,0,144,0,0,36,0,1.019,0
226,0,109,2,0,25,0,2.011,0
227,0,500,8,4,91,0,3.097,0
228,0,914,1,1,227,0,12.905,0
229,0,38,1,0,8,0,1.371,0
230,0,527,22,10,95,1,2.514,0
231,0,143,2,0,22,0,0.81,0
232,0,5471,24,0,1329,0,58.398,0
233,0,4,0,0,1,0,0.335,0
234,0,5467,24,0,1328,0,4.167,0
235,0,5468,24,0,1328,0,4.157,0
236,0,138,3,0,19,1,0.402,0
237,0,85,1,0,13,0,1.959,0
238,0,28,0,0,7,0,0.94,0
239,0,21,0,0,4,0,3.632,0
240,0,168,3,3,19,0,2.001,0
241,0,486,6,0,117,0,3.35,0
242,0,13,0,0,0,0,0.341,0
243,0,63,0,0,14,0,4.149,0
244,0,15751,1,7,1125,0,2.635,0
245,0,80,1,0,20,0,0.908,0
246,0,68,0,0,9,0,0.895,0
247,0,124,0,0,31,0,0.868,0
248,0,84,0,0,21,0,0.823,0
249,0,51,3,2,11,0,0.984,0
250,0,43,0,0,10,0,0.555,0
251,0,4103,84,0,594,5,15.052,0
252,0,531,5,3,87,0,1.042,0
253,0,1051,28,14,232,1,6.698,0
254,0,52,4,0,13,0,1.847,0
255,0,31,0,0,7,0,0.437,0
256,0,23,0,0,5,0,0.802,0
257,0,108,0,0,27,1,1.33,0
258,0,455,0,0,113,1,2.494,0
259,0,1172,0,0,188,11,2.581,0
260,0,294,0,0,42,0,0.424,0
261,0,0,0,0,0,0,0.33,0
262,0,28,0,0,4,0,0.629,0
263,1,89,10,5,20,0,0.705,0
264,0,11,0,0,2,0,0.421,0
265,2,80,7,3,20,0,1.186,0
266,56,495,2,0,123,0,2.288,0
267,62,1015,0,0,199,1,1.415,0
268,2,313,0,0,55,1,0.568,0
269,19,636,0,0,159,0,1.801,0
270,47,2286,55,31,498,3,5.116,0
271,11,322,0,0,76,0,0.858,0
272,0,456,0,0,29,0,0.427,0
273,47,2178,55,31,472,3,3.221,0
274,54,2418,0,0,592,0,24.065,0
275,3,116,2,1,26,0,0.55,0
276,0,2305,23,13,5,0,0.657,0
277,0,16,0,0,4,0,0.34,0
278,12985,772433,5120,2054,57015,674,1583.03,0
279,0,16,0,0,4,1,0.367,0
280,4,699,3,3,136,0,3.99,0
281,881,120747,2057,114,2125,293,26.566,0
282,2169,63474,341,253,10594,23,254.211,0
283,250,1993,5,5,397,1,7.64,0
284,682,5335,34,23,1252,7,130.304,0
285,0,44,0,0,7,0,0.395,0
286,10,100,0,0,25,0,0.663,0
287,8,40,0,0,10,0,0.461,0
288,4,40,0,0,10,0,0.479,0
289,16,253,0,0,51,0,1.069,0
290,6,63,0,0,15,0,0.7,0
291,0,271,0,0,40,0,2.323,0
292,170,135074,1232,1182,1809,60,36.38,0
293,50,1664,0,0,416,0,5.631,0
294,0,0,0,0,0,0,0.338,0
295,9882,706581,5083,2035,39998,669,905.79,0
296,38,474,0,0,118,0,3.913,0
297,2,90,0,0,15,0,0.391,0
298,1,30,2,0,7,0,0.395,0
299,40,572,0,0,135,0,2.99,0
300,6,122,1,0,26,0,0.492,0
301,3,172,0,0,43,0,0.969,0
302,0,12,0,0,3,0,0.34,0
303,1145,29440,43,9,6889,3,97.846,0
304,13,317,0,0,62,0,1.049,0
305,4,88,0,0,22,1,0.631,0
306,0,562,62,65,125,1,1.898,0
307,154,5022,30,8,1217,0,21.731,0
308,1390,82648,177,19,9359,139,78.311,0
309,3,152,0,0,38,0,0.792,0
310,210,4770,6,5,1057,1,11.507,0
311,5,68,0,0,15,0,0.403,0
312,0,58,0,0,10,0,0.402,0
313,164,14805,166,80,568,25,27.731,0
314,794,50043,478,227,1897,55,278.215,0
315,268,22151,215,116,724,25,24.343,0
316,0,43,0,0,5,0,0.353,0
317,26,217,0,0,49,0,0.876,0
318,49,1828,0,6,367,2,4.435,0
319,0,89,0,0,14,1,0.398,0
320,8,268,0,0,67,0,0.57,0
321,0,50,0,0,5,0,0.348,0
322,0,815,1,0,64,62,1.926,0
323,0,89,6,0,8,0,0.501,0
324,2,24,0,0,6,0,0.386,0
325,30,599,0,0,113,0,1.272,0
326,12,164,0,0,41,0,0.954,0
327,0,36,0,0,5,0,0.472,0
328,0,18,0,0,3,0,0.341,0
329,0,3,0,0,0,0,1.044,0
330,22,872,0,0,218,0,2.714,0
331,0,154,8,0,35,0,1.502,0
332,30,952,0,0,238,0,2.773,0
333,1,28,2,1,7,1,0.412,0
334,7,88,0,0,22,0,0.531,0
335,0,16,0,0,4,0,0.355,0
336,10,296,0,0,74,0,0.907,0
337,12,152,0,0,38,0,2.507,0
338,53,1447,0,0,319,1,2.182,0
339,12,452,0,0,113,1,1.374,0
340,21,957,0,0,231,0,2.48,0
341,13,744,0,1,121,1,1.401,0
342,142,6452,0,0,1613,0,14.719,0
343,1,103,0,0,18,0,1.06,0
347,25,1352,0,0,336,0,2.669,0
348,55,2142,0,0,531,0,5.213,0
349,24,794,0,0,197,0,1.847,0
350,21,964,0,0,241,0,4.265,0
351,225,13030,0,0,3245,0,30.652,0
352,0,21,0,0,5,0,0.354,0
353,22,3037,0,0,759,0,4.916,0
354,24,1357,0,0,331,0,5.019,0
355,36,920,0,0,230,0,1.704,0
356,8,212,0,0,53,0,4.85,0
357,0,19,0,0,4,0,0.524,0
358,0,16,0,0,4,0,0.371,0
359,12,448,0,0,112,0,1.514,0
360,28,564,0,0,141,0,1.416,0
361,1387,16668,0,0,4167,0,33.145,0
362,328,12600,0,0,3150,0,32.686,0
363,0,8,0,0,2,0,0.342,0
364,3,108,0,0,27,0,0.558,0
365,114,4680,0,0,1170,0,15.035,0
366,40,1492,0,0,373,0,5.586,0
367,0,32,0,0,8,0,0.416,0
368,61,768,0,0,192,0,5.538,0
369,44,2504,0,0,622,0,6.536,0
370,3,192,0,0,48,1,0.55,0
371,0,8,0,0,2,0,0.335,0
372,64,3044,0,0,754,3,6.194,0
373,23,1028,0,0,257,0,2.794,0
374,3,216,10,3,47,0,0.873,0
375,4,92,0,0,23,0,0.449,0
376,6,136,0,0,34,0,0.989,0
377,6,164,0,0,41,0,1.14,0
378,0,340,36,36,41,0,0.624,0
379,0,82,3,3,12,0,0.391,0
380,0,9,0,0,0,0,0.383,0
381,0,13,0,0,1,0,0.359,0
382,0,9,0,0,0,0,0.34,0
383,0,13,0,0,1,0,0.342,0
384,0,9,0,0,0,0,0.342,0
385,0,16,0,0,2,0,0.353,0
386,0,9,0,0,0,0,0.34,0
387,0,14,0,0,3,0,0.759,0
388,0,15,0,0,1,0,0.344,0
389,0,6,0,0,0,0,0.349,0
390,0,4,0,0,0,0,0.354,0
391,0,37,0,0,4,0,0.483,0
392,0,417,0,6,5,0,0.684,0
393,8,44,1,0,11,0,0.425,0
394,1,20,1,0,5,0,0.387,0
395,2,25,1,0,6,0,0.499,0
396,13,189,0,0,43,0,0.993,0
397,1,25,1,0,6,0,0.489,0
398,1,21,1,0,5,0,0.366,0
399,1,25,1,0,6,0,0.636,0
400,1,16,1,0,4,0,0.56,0
401,5,60,2,0,15,0,0.439,0
402,6,111,1,0,22,0,0.658,0
403,1,23,1,0,5,0,0.397,0
404,4,443,4,0,9,0,0.479,0
405,6,97,5,0,23,0,0.425,0
406,1,20,1,0,5,0,0.365,0
407,0,12,1,0,3,0,0.349,0
408,0,28,2,0,5,0,0.381,0
409,0,12,1,0,3,0,0.359,0
410,0,102,9,0,14,0,0.392,0
411,0,24,1,0,4,0,0.357,0
412,0,24,1,0,4,0,0.353,0
413,1,21,1,0,5,0,0.401,0
414,8,72,4,0,18,0,0.527,0
415,2,24,1,0,6,0,0.377,0
416,1,25,2,0,6,0,0.361,0
417,1,21,1,0,5,0,0.357,0
418,0,13,1,0,3,0,0.343,0
419,3,52,3,0,13,0,0.394,0
420,4,84,1,0,20,0,1.095,0
421,1,21,1,0,5,0,0.367,0
422,2,36,2,0,9,0,0.374,0
423,2,57,1,0,11,2,0.432,0
424,0,12,1,0,3,0,0.401,0
425,0,17,1,0,4,0,0.381,0
426,1,20,1,0,5,0,0.744,0
427,2,43,3,0,10,0,0.4,0
428,1,20,1,0,5,0,0.358,0
429,1,21,1,0,5,0,0.357,0
430,1,24,1,0,6,0,0.361,0
431,0,25,1,0,6,0,0.368,0
432,0,13,1,0,3,0,0.371,0
433,3,390,0,0,66,0,0.702,0
434,0,16,1,0,4,0,0.376,0
435,0,61,2,2,5,0,0.373,0
436,0,23,2,0,4,0,0.522,0
437,3,124,0,0,31,0,0.891,0
438,0,16,0,0,4,0,0.36,0
439,1,21,1,0,5,0,0.673,0
440,1,21,1,0,5,0,0.383,0
441,2,49,0,0,12,0,0.435,0
442,1,21,1,0,5,0,0.37,0
443,1,21,1,0,5,0,0.387,0
444,1,25,2,0,6,0,0.372,0
445,25,340,4,1,84,0,1.541,0
446,0,13,1,0,3,0,0.349,0
447,1,20,1,0,5,0,0.372,0
448,0,12,1,0,3,0,0.349,0
449,1,30,1,0,7,0,0.371,0
450,0,12,1,0,3,0,0.349,0
451,1,20,1,0,5,0,0.362,0
452,1,20,1,0,5,0,0.361,0
453,0,16,1,0,4,0,0.354,0
454,2,40,1,0,9,0,0.382,0
455,1,21,1,0,5,0,0.368,0
456,1,21,1,0,5,0,0.394,0
457,1,20,1,0,5,0,0.395,0
458,1,21,1,0,5,0,0.385,0
459,0,9,1,0,2,0,0.347,0
460,33,473,1,0,118,0,2.056,0
461,0,12,1,0,3,0,0.349,0
462,1,20,1,0,5,0,0.365,0
463,1,20,1,0,5,0,0.43,0
464,1,20,1,0,5,0,0.365,0
465,1,21,1,0,5,0,0.364,0
466,1,20,1,0,5,0,0.356,0
467,2,24,1,0,6,0,0.377,0
468,2,50,2,1,12,0,0.935,0
469,1,20,1,0,5,0,0.359,0
470,8,92,1,1,23,0,1.016,0
471,2,34,2,0,8,0,0.382,0
472,1,49,1,0,9,0,0.371,0
473,2,34,2,0,8,0,0.375,0
474,1,21,1,0,5,0,0.359,0
475,0,121,3,0,4,0,0.353,0
476,1,28,2,0,7,0,0.366,0
477,2,29,1,0,7,0,0.549,0
478,0,26,2,0,6,0,0.431,0
479,27,277,1,3,66,0,1.772,0
480,0,21,1,0,5,0,1.109,0
481,0,13,1,0,3,0,0.676,0
482,2,21,1,0,5,0,0.356,0
483,0,21,1,0,5,0,0.974,0
484,31,501,10,3,118,0,5.441,0
485,0,85,2,0,19,0,1.402,0
486,3,66,2,0,15,0,1.013,0
487,3,87,2,0,20,0,0.957,0
488,0,28,2,0,7,0,0.365,0
489,3,36,3,0,9,0,0.42,0
490,1,25,1,0,6,0,0.364,0
491,1,21,1,0,5,0,0.357,0
492,1,20,1,0,5,0,0.364,0
493,1,21,1,0,5,0,0.375,0
494,0,16,1,0,4,0,0.374,0
495,0,33,0,0,4,0,0.354,0
496,1,20,1,0,5,0,0.362,0
497,13,187,2,0,39,0,0.924,0
498,1,12,1,0,3,0,0.396,0
499,1,20,1,0,5,0,0.362,0
500,1,20,1,0,5,0,0.366,0
501,0,8,1,0,2,0,0.481,0
502,1,12,1,0,3,0,0.385,0
503,1,20,1,0,5,0,0.364,0
504,2,39,2,0,9,0,0.376,0
505,2,28,1,0,7,0,0.719,0
506,2,360,3,0,5,0,0.38,0
507,2,28,1,0,7,0,0.406,0
508,1,20,2,1,5,0,0.471,0
509,1,20,1,0,5,0,0.371,0
510,1,24,2,1,6,0,0.372,0
511,5,270,4,2,11,0,0.586,0
512,0,16,1,0,4,0,0.354,0
513,1,20,1,0,5,0,0.397,0
514,0,16,1,0,4,0,0.355,0
515,14,300,1,0,58,0,5.636,0
516,0,23,3,0,5,0,0.392,0
517,5,79,1,1,16,0,0.52,0
518,0,16,2,0,4,0,0.401,0
519,2,20,2,1,5,0,0.438,0
520,0,16,1,0,4,0,0.366,0
521,1,20,1,0,5,0,0.393,0
522,1,21,1,0,5,0,0.416,0
523,6,92,1,0,20,0,0.575,0
524,1,20,1,0,5,0,0.434,0
525,5,68,2,0,15,0,0.442,0
526,1,21,1,0,5,0,0.392,0
527,1,24,1,0,6,0,0.409,0
528,1,20,1,0,5,0,0.414,0
529,1,29,1,0,7,0,0.409,0
530,2,33,1,0,8,0,0.422,0
531,1,20,1,0,5,0,0.361,0
532,1,20,1,0,5,0,0.444,0
533,1,20,1,0,5,0,0.438,0
534,1,20,1,0,5,0,0.455,0
535,1,16,1,0,4,0,1.087,0
536,1,16,1,0,4,0,0.358,0
537,2,28,1,0,7,0,0.389,0
538,0,12,1,0,3,0,1.413,0
539,3,36,2,0,9,0,0.375,0
540,0,5,1,0,1,0,0.376,0
541,3,86,4,2,21,0,0.529,0
542,1,49,3,0,11,0,0.385,0
543,0,62,3,0,14,0,1.126,0
544,1,24,2,0,6,0,0.38,0
545,21,201,2,0,49,0,2.76,0
546,3,83,3,0,20,0,0.43,0
547,3,52,1,0,13,0,0.415,0
548,0,13,1,0,3,0,0.354,0
549,2,32,1,0,8,0,0.402,0
550,1,25,1,0,6,0,0.447,0
551,1,20,1,0,5,0,0.382,0
552,2,28,1,0,7,0,0.434,0
553,1,21,1,0,5,0,0.371,0
554,1,20,1,0,5,0,0.375,0
555,3,64,1,0,15,0,0.48,0
556,1,23,1,0,5,0,0.383,0
557,1,20,1,0,5,0,0.365,0
558,1,20,1,0,5,0,0.37,0
559,1,20,1,0,5,0,0.367,0
560,1,16,1,0,4,0,0.362,0
561,5,182,4,2,43,0,0.866,0
562,9,114,5,0,27,0,1.201,0
563,1,16,1,0,4,0,0.36,0
564,0,19,1,0,4,0,0.367,0
565,1,20,1,0,5,0,0.543,0
566,1,20,1,0,5,0,0.365,0
567,1,21,1,0,5,0,0.364,0
568,1,20,1,0,5,0,0.361,0
569,0,52,0,5,13,0,0.464,0
570,0,12,1,0,3,0,0.347,0
571,1,24,2,1,6,0,0.371,0
572,1,26,2,0,6,0,0.453,0
573,2,34,2,0,8,0,0.372,0
574,7,74,5,0,18,0,0.478,0
575,2,24,1,0,6,0,2.495,0
576,0,8,0,0,2,0,0.34,0
577,0,18,2,1,4,0,0.531,0
578,5,264,13,0,30,0,0.646,0
579,1,29,2,0,7,0,0.369,0
580,2,36,1,0,9,0,0.377,0
581,2,32,2,0,8,0,0.376,0
582,1,20,1,0,5,0,0.432,0
583,31,500,1,2,125,0,5.648,0
584,5,44,0,0,11,0,0.411,0
585,0,46,0,0,5,0,0.381,0
586,1,20,1,0,5,0,0.375,0
587,1,28,2,0,7,0,0.881,0
588,1,20,1,0,5,0,0.406,0
589,1,20,1,0,5,0,0.384,0
590,1,20,1,0,5,0,0.447,0
591,1,12,1,0,3,0,0.394,0
592,0,12,1,0,3,0,0.357,0
593,0,12,0,0,3,0,0.372,0
594,1,20,1,0,4,0,0.381,0
595,0,4,1,0,1,0,0.73,0
596,0,119,2,1,19,1,1.08,0
597,1,25,1,0,6,0,0.366,0
598,1,20,1,0,5,0,0.384,0
599,1,25,2,0,6,0,0.373,0
600,0,16,1,0,4,0,0.358,0
601,1,20,1,0,5,0,0.366,0
602,0,12,1,0,3,0,0.394,0
603,3,77,1,0,13,0,0.769,0
604,1,20,1,0,5,0,0.57,0
605,2,36,2,0,9,0,0.418,0
606,2,27,1,0,6,0,0.376,0
607,1,28,2,0,6,0,0.369,0
608,8,132,1,0,31,0,0.578,0
609,0,26,4,0,6,0,0.365,0
610,1,32,1,0,7,0,0.373,0
611,0,20,1,0,5,0,0.365,0
612,1,27,1,0,6,0,0.413,0
613,2,39,2,0,9,0,0.43,0
614,5,81,3,0,20,0,1.256,0
615,0,23,3,0,5,0,0.479,0
616,1,20,1,0,5,0,0.366,0
617,1,28,1,0,6,0,0.37,0
618,1,21,1,0,5,0,0.386,0
619,2,40,1,0,9,0,0.379,0
620,1,20,1,0,5,0,0.439,0
621,1,23,1,0,5,0,0.366,0
622,2,43,2,0,9,0,0.501,0
623,1,31,4,0,7,0,0.422,0
624,2,50,2,0,12,0,0.527,0
625,6,61,1,0,13,0,0.428,0
626,1,20,1,0,5,0,0.363,0
627,34,722,53,1,174,0,0.975,0
628,1,21,1,0,5,0,0.387,0
629,1,24,1,0,6,0,0.366,0
630,2,36,2,0,9,0,0.38,0
631,0,8,2,1,2,0,0.436,0
632,0,8,0,0,2,0,0.34,0
633,1,24,1,0,6,0,0.366,0
634,1,24,1,0,6,0,0.383,0
635,1,20,1,0,5,0,0.371,0
636,2,29,1,0,7,0,0.366,0
637,4,64,2,0,16,0,0.404,0
638,27,332,0,0,83,0,0.769,0
639,1,20,1,0,5,0,0.403,0
640,1,20,1,0,5,0,0.373,0
641,0,19,1,0,4,0,0.361,0
642,2,42,2,0,9,0,0.391,0
643,2,69,3,0,15,0,0.388,0
644,0,21,0,0,0,0,0.339,0
645,0,20,1,0,5,0,0.376,0
646,2,33,1,0,8,0,0.648,0
647,0,16,1,0,4,0,0.357,0
648,5,55,1,0,13,0,0.453,0
649,1,29,2,0,7,0,0.378,0
650,0,52,0,0,0,0,0.357,0
651,0,52,0,0,0,0,0.344,0
652,6,110,1,0,22,0,0.463,0
653,1,20,1,0,5,0,0.377,0
654,0,44,1,0,11,0,0.554,0
655,3,50,3,0,12,0,0.431,0
656,3,48,1,0,12,0,0.425,0
657,2,36,2,0,8,0,0.425,0
658,1,22,1,0,5,0,0.396,0
659,1,20,0,0,5,0,0.37,0
660,0,12,1,0,3,0,0.37,0
661,1,22,1,0,5,0,0.382,0
662,0,99,2,0,5,0,0.4,0
663,5,56,1,0,13,0,0.487,0
664,5,48,2,1,11,0,0.429,0
665,0,17,1,1,3,0,0.417,0
666,1,21,1,0,5,0,0.374,0
667,2,26,1,0,6,0,0.382,0
668,1,20,1,0,5,0,0.366,0
669,3,51,1,0,12,0,0.521,0
670,1,22,1,0,5,0,0.486,0
671,2,34,1,0,8,0,0.381,0
672,2,34,1,0,8,0,0.384,0
673,2,32,2,0,8,0,0.408,0
674,4,68,0,0,14,0,0.49,0
675,18,364,0,0,75,0,1.9,0
676,4,68,0,0,14,0,0.611,0
677,1,29,1,0,7,0,0.459,0
678,1,22,1,0,5,0,0.373,0
679,0,12,1,0,3,0,0.354,0
680,1,22,1,0,5,0,0.377,0
681,10,260,2,0,18,0,0.494,0
682,1,21,1,0,5,0,0.371,0
683,4,46,2,0,11,0,0.394,0
684,1,29,2,0,7,0,0.425,0
685,2,44,4,2,10,0,0.62,0
686,4,133,2,0,6,0,0.376,0
687,0,28,1,0,4,0,0.367,0
688,8,753,9,1,15,0,2.616,0
689,1,30,2,1,7,0,0.377,0
690,20,428,18,1,103,0,1.065,0
691,2,32,0,0,8,0,0.43,0
692,1,20,0,0,5,0,0.621,0
693,316,9923,32,5,764,2,9.169,0
694,8,236,0,0,59,0,0.849,0
695,1,36,4,2,9,0,0.657,0
696,23,285,3,1,3,0,1.427,0
697,13,442,36,19,92,0,4.303,0
698,0,5,0,0,1,0,0.378,0
699,0,793,71,67,72,0,0.802,0
700,0,768,0,0,192,0,4.381,0
701,0,12,2,1,3,0,0.39,0
702,1,14,1,1,1,0,0.394,0
703,0,10,1,1,0,0,0.356,0
704,122,4550,13,11,1070,9,17.287,0
705,110,5447,14,12,1066,9,7.454,0
706,100,4954,12,10,968,5,6.423,0
707,96,3619,6,5,706,5,5.048,0
708,9,819,3,3,135,4,1.45,0
709,9,183,1,1,35,4,0.48,0
710,1,39,2,1,8,0,0.633,0
711,0,10,1,1,0,0,0.352,0
712,22,91,1,1,22,0,0.468,0
713,0,10,1,1,0,0,0.39,0
714,0,11,0,0,1,0,0.368,0
715,0,2306,27,1,519,6,18.749,0
716,0,2381,27,1,513,6,4.084,0
717,0,2317,27,1,500,4,2.738,0
718,0,1112,25,0,222,3,1.495,0
719,0,162,0,0,33,3,0.454,0
720,0,56,0,0,14,3,0.379,0
721,53,41382,301,45,9530,165,224.756,0
722,79,33998,158,26,5311,117,40.38,0
723,0,341,3,0,61,6,0.706,0
724,34,8743,62,7,1334,34,8.894,0
725,0,171,3,0,27,1,0.433,0
726,5,3204,38,6,490,15,1.836,0
727,0,46,0,0,10,0,0.445,0
728,0,24,0,0,1,0,0.405,0
729,0,75,5,5,7,0,0.716,0
730,0,23,0,0,4,1,0.342,0
731,48,567,0,0,97,1,1.365,0
732,0,38,0,0,5,0,0.667,0
733,0,66,1,0,11,1,0.495,0
734,0,30,0,0,5,0,0.341,0
735,0,31,1,1,4,0,0.387,0
736,0,40,0,0,6,0,0.391,0
737,0,18,0,0,3,0,0.34,0
738,0,60,1,1,10,0,0.878,0
739,0,28,0,0,4,0,0.354,0
740,0,27,0,0,4,0,0.692,0
741,4,60,1,0,13,0,0.479,0
742,0,43,2,2,5,0,0.36,0
743,0,123,0,0,17,1,0.361,0
744,1,87,3,3,11,0,2.357,0
745,3,517,0,0,47,0,0.799,0
746,0,17,0,0,4,0,0.347,0
747,0,19,1,1,3,0,0.778,0
748,0,58,0,0,7,0,0.361,0
749,0,18,1,0,3,0,0.391,0
750,0,71,1,1,8,0,1.471,0
751,12,285,0,0,39,1,1.556,0
752,0,18,0,0,3,0,0.828,0
753,0,18,0,0,3,0,0.339,0
754,0,1528,5,4,151,0,8.495,0
755,0,936,3,2,92,0,4.499,0
756,0,301,2,1,35,0,0.44,0
757,0,90,1,1,10,0,0.382,0
758,0,33,0,0,4,0,0.343,0
759,0,12,0,0,3,0,0.899,0
760,0,7,0,0,0,0,0.336,0
761,0,627,4,0,102,5,0.785,0
762,0,370,0,0,58,3,0.619,0
763,0,87,0,0,15,1,0.494,0
764,0,44,0,0,8,0,0.502,0
765,0,4,0,0,1,0,0.36,0
766,6,192,14,7,27,0,0.707,0
767,0,24,0,0,4,0,0.338,0
768,6,197,14,7,28,0,0.592,0
769,1,42,3,2,7,0,1.057,0
770,58,2753,18,8,513,8,1.9,0
771,0,307,30,27,46,0,0.472,0
772,0,11,0,0,1,0,0.341,0
773,1,16,0,0,3,0,0.342,0
774,0,68,3,2,9,0,7.983,0
775,0,49,2,1,9,0,0.352,0
776,0,18,0,0,3,0,0.343,0
777,2,184,10,3,3,0,0.657,0
778,1,32,2,1,5,0,0.348,0
779,6,165,4,2,20,0,0.493,0
780,2,63,4,2,10,0,0.466,0
781,0,11,0,0,0,0,0.34,0
782,0,11,0,0,0,0,0.342,0
783,0,159,0,0,15,0,0.465,0
784,0,130,0,0,12,0,0.405,0
785,0,95,0,0,9,0,0.374,0
786,0,60,0,0,6,0,0.366,0
787,0,89,0,0,6,0,0.341,0
788,0,114,0,0,8,0,0.376,0
789,0,69,0,0,9,0,0.744,0
790,0,157,1,0,32,7,12.47,0
791,0,121,1,0,10,0,2.519,0
792,0,68,4,0,10,0,0.562,0
793,15,823,15,9,158,0,5.783,0
794,11,144,1,0,25,0,0.434,0
795,15,990,13,9,156,0,1.869,0
796,2,63,0,0,12,0,0.534,0
797,0,112,0,0,27,0,0.679,0
798,0,80,0,0,12,0,0.721,0
799,0,34,0,0,7,0,0.73,0
800,0,17,2,0,4,0,0.533,0
801,0,122,0,0,30,0,0.442,0
802,0,18,0,0,3,0,0.791,0
803,0,67,2,0,10,0,4.162,0
804,2,60,0,0,8,0,0.382,0
805,0,10,0,0,1,0,0.346,0
806,0,41,0,0,0,0,0.345,0
807,0,0,0,0,0,0,0.335,0
808,0,17,2,2,3,0,1.66,0
809,0,13,1,0,3,0,0.39,0
810,0,46,4,4,4,0,0.949,0
811,0,18,2,0,4,0,0.39,0
812,0,13,0,0,1,0,0.367,0
813,14,748,48,24,106,1,3.166,0
814,0,14,1,1,1,0,0.346,0
815,1,167,10,7,26,3,1.329,0
816,0,95,4,4,15,2,0.369,0
817,0,38,2,2,6,1,0.444,0
818,0,168,3,2,24,0,3.519,0
819,14,714,48,26,106,1,3.118,0
820,0,8,0,0,2,1,0.344,0
821,14,714,48,26,106,1,1.947,0
822,0,14,1,1,1,0,0.347,0
823,0,14,1,1,1,0,0.343,0
824,0,60,3,3,9,3,0.376,0
825,0,22,1,1,3,1,0.345,0
826,0,34,2,2,5,1,0.355,0
827,20,604,10,6,110,1,2.039,0
828,13,306,0,1,52,0,1.493,0
829,0,76,0,0,13,0,0.699,0
830,0,84,4,3,16,0,0.837,0
831,0,14,1,1,1,0,0.35,0
832,2,646,16,8,132,4,3.518,0
833,2,247,11,7,37,3,0.512,0
834,1,128,7,5,17,0,0.43,0
835,1,48,4,2,7,0,2.576,0
836,30,2747,76,52,386,1,4.652,0
837,0,10,1,1,0,0,0.385,0
838,0,43,0,0,6,0,0.391,0
839,0,46,0,0,6,0,1.411,0
840,0,10,1,1,0,0,0.409,0
841,0,28,2,2,1,0,0.35,0
842,0,12,1,1,1,0,0.371,0
843,6,1037,7,1,190,5,1.81,0
844,4,224,0,0,52,4,0.537,0
845,2,47,0,0,9,0,0.359,0
846,0,21,0,0,4,0,0.364,0
847,0,5,0,0,1,0,0.373,0
848,0,11,0,0,1,0,1.084,0
849,13,418,26,13,55,0,2.314,0
850,0,112,0,0,14,0,0.366,0
851,0,8,0,0,2,0,1.189,0
852,0,4,0,0,1,0,0.364,0
853,0,0,0,0,0,0,0.338,0
854,0,49,1,1,9,0,0.893,0
856,0,12,1,1,3,0,0.898,0
857,0,12,1,0,3,0,0.415,0
858,0,12,1,1,3,0,0.772,0
859,0,12,1,0,3,0,0.369,0
860,0,12,1,1,3,0,0.428,0
861,0,12,1,0,3,0,0.345,0
862,0,12,1,1,3,0,1.021,0
863,0,12,1,0,3,0,0.35,0
864,0,12,1,1,3,0,0.488,0
865,0,12,1,0,3,0,2.887,0
866,0,12,0,0,2,0,0.376,0
867,0,368,24,24,83,0,3.576,0
868,0,284,23,0,71,0,1.036,0
869,0,53,0,0,9,0,0.459,0
870,0,16,1,1,4,0,0.44,0
871,0,12,1,0,3,0,0.468,0
872,0,1301,15,1,193,0,3.478,0
873,0,10,1,1,0,0,0.389,0
874,0,12,1,1,3,0,0.385,0
875,0,12,1,0,3,0,0.368,0
876,0,12,1,1,3,0,0.435,0
877,0,12,1,0,3,0,0.346,0
878,0,12,1,1,3,0,0.52,0
879,0,12,1,0,3,0,0.351,0
880,0,10,1,1,0,0,0.347,0
881,0,12,1,1,3,0,0.397,0
882,0,12,1,0,3,0,0.377,0
883,155,3773,18,12,853,51,22.954,0
884,73,1670,8,4,269,13,3.306,0
885,1,317,6,4,48,5,1.071,0
886,1,96,4,4,13,1,1.254,0
887,0,12,1,1,3,0,0.384,0
888,0,12,1,0,3,0,0.352,0
889,0,12,1,1,3,0,0.408,0
890,0,12,1,0,3,0,0.361,0
891,0,40,1,1,6,0,0.601,0
892,0,12,1,1,3,0,0.522,0
893,0,12,1,0,3,0,0.354,0
894,4,7431,341,317,438,0,13.734,0
895,0,12,1,1,3,0,0.951,0
896,0,12,1,0,3,0,0.391,0
897,0,12,1,1,3,0,0.344,0
898,0,12,1,0,3,0,0.351,0
899,0,12,1,1,3,0,0.542,0
900,0,12,1,0,3,0,0.354,0
901,0,12,1,1,3,0,2.659,0
902,0,12,1,0,3,0,0.463,0
903,0,12,1,1,3,0,0.517,0
904,0,12,1,0,3,0,0.348,0
905,0,12,1,1,3,0,0.397,0
906,0,12,1,0,3,0,0.348,0
907,164,4660,13,7,845,51,10.349,0
908,72,1593,4,0,260,13,2.175,0
909,1,243,2,0,39,5,0.759,0
910,1,22,0,0,4,1,0.364,0
911,0,10,1,1,0,0,0.393,0
912,0,38,1,1,4,0,0.582,0
913,0,12,1,1,3,0,0.485,0
914,0,12,1,0,3,0,0.416,0
915,4,7457,343,319,443,0,12.309,0
916,0,38,1,1,4,0,0.42,0
917,0,42,1,1,7,0,0.442,0
918,0,12,1,1,3,0,0.669,0
919,0,12,1,0,3,0,0.418,0
920,0,12,1,1,3,0,0.484,0
921,0,12,1,0,3,0,0.349,0
922,0,12,1,1,3,0,0.516,0
923,2,27,1,0,6,0,0.448,0
924,0,12,1,1,3,0,0.366,0
925,0,16,1,0,4,0,0.432,0
926,0,313,1,1,46,0,0.465,0
927,0,16,1,0,4,0,0.398,0
928,3,323,4,3,80,0,2.706,0
929,4,152,9,4,23,0,0.93,0
930,0,35,5,0,8,0,0.654,0
931,0,7,0,0,0,0,0.336,0
932,0,45,0,0,1,0,0.349,0
933,0,45,0,0,0,0,0.363,0
934,1,28,2,1,5,0,0.933,0
935,1,28,2,1,5,0,2.548,0
936,1,28,0,0,7,0,0.456,0
937,1,28,1,0,5,0,0.363,0
938,0,17,1,0,3,0,0.345,0
939,0,11,1,0,1,0,0.948,0
940,0,46,0,0,1,0,1.288,0
941,0,12,2,3,1,0,0.383,0
942,0,12,2,3,1,0,0.384,0
943,1,30,3,4,4,0,0.376,0
944,0,20,4,6,2,0,0.413,0
945,0,12,2,3,1,0,0.356,0
946,0,12,2,3,1,0,0.365,0
947,0,12,2,3,1,0,0.387,0
948,0,10,2,3,1,0,0.363,0
949,0,12,2,3,1,0,0.689,0
950,0,12,2,3,1,0,0.363,0
951,0,12,2,3,1,0,0.363,0
952,0,12,2,3,1,0,0.397,0
953,0,10,0,0,1,0,0.37,0
954,0,56,0,0,11,0,0.558,0
955,0,17,1,0,4,0,0.396,0
956,0,17,1,0,3,0,0.353,0
957,0,13,1,0,3,0,1.141,0
958,1,53,3,0,10,0,0.973,0
959,0,13,1,0,3,0,0.359,0
960,1,21,2,0,4,0,0.371,0
961,7,87,1,0,17,0,0.987,0
962,0,17,1,0,3,0,0.345,0
963,0,22,2,0,4,0,0.361,0
964,0,17,1,0,3,0,0.346,0
965,6,79,2,0,17,0,0.807,0
966,1,17,1,0,4,0,0.374,0
967,0,13,1,0,3,0,0.421,0
968,0,13,1,0,3,0,0.366,0
969,0,13,1,0,3,0,0.399,0
970,0,21,2,0,5,0,0.715,0
971,0,13,1,0,3,0,0.357,0
972,0,13,1,0,3,0,0.368,0
973,0,13,1,0,3,0,0.408,0
974,1,27,2,0,6,0,0.392,0
975,0,13,1,0,3,0,0.382,0
976,0,25,2,0,4,0,0.351,0
977,0,20,1,0,4,0,0.707,0
978,0,25,2,0,4,0,0.348,0
979,1,20,1,0,4,0,0.391,0
980,1,17,1,0,4,0,0.706,0
981,0,17,1,0,3,0,0.363,0
982,0,17,1,0,3,0,0.348,0
983,0,17,1,0,3,0,0.348,0
984,0,17,1,0,3,0,0.343,0
985,0,19,2,0,3,0,0.388,0
986,0,17,1,0,3,0,0.345,0
987,0,13,1,0,3,0,0.381,0
988,0,59,6,0,8,0,0.356,0
989,0,17,2,0,3,0,0.727,0
990,0,13,1,0,3,0,0.425,0
991,0,21,3,0,4,0,0.409,0
992,0,13,1,0,3,0,0.782,0
993,3,100,4,4,12,0,0.927,0
994,0,30,2,2,5,0,0.755,0
995,0,17,1,1,3,0,0.35,0
996,0,17,1,1,4,0,0.389,0
997,0,20,2,3,3,0,0.375,0
998,0,44,2,9,5,0,0.475,0
999,0,20,2,3,3,0,0.38,0
1000,0,33,2,2,5,0,0.358,0
1001,0,29,2,5,4,0,0.973,0
1002,0,20,2,3,3,0,0.377,0
1003,0,32,1,1,6,0,0.534,0
1004,1,35,5,4,8,0,0.776,0
1005,0,44,0,3,6,0,0.489,0
1006,0,16,1,1,3,0,0.351,0
1007,0,150,4,4,4,0,0.394,0
1008,0,409,15,20,7,0,0.548,0
1009,0,12,1,1,3,0,0.374,0
1010,0,25,2,2,5,0,0.597,0
1011,0,16,1,1,3,0,0.346,0
1012,0,70,1,7,9,0,3.021,0
1013,0,21,1,1,4,0,0.435,0
1014,0,55,7,7,8,0,0.616,0
1015,0,16,1,1,3,0,0.349,0
1016,0,21,1,1,4,0,0.368,0
1017,0,16,1,1,3,0,0.344,0
1018,0,20,1,1,4,0,0.361,0
1019,0,21,1,1,4,0,0.35,0
1020,0,24,2,1,4,0,0.347,0
1021,13,108,4,0,21,0,1.039,0
1022,0,38,2,2,6,0,0.356,0
1023,0,17,1,1,3,0,0.347,0
1024,0,37,3,3,6,0,0.352,0
1025,0,25,1,2,4,0,0.346,0
1026,0,112,12,12,15,0,0.594,0
1027,10,290,15,0,42,0,1.214,0
1028,0,58,3,11,7,0,0.985,0
1029,0,17,1,1,3,0,0.344,0
1030,0,78,6,5,12,1,0.368,0
1031,1,21,1,1,4,0,0.357,0
1032,0,16,1,1,4,0,0.382,0
1033,0,13,1,1,3,0,0.846,0
1034,0,36,3,7,5,0,0.46,0
1035,0,26,1,1,5,1,0.365,0
1036,0,21,1,1,4,0,0.386,0
1037,0,17,1,1,3,0,0.348,0
1038,0,13,1,1,3,0,0.433,0
1039,0,27,2,4,5,0,0.523,0
1040,1,24,1,1,4,0,0.376,0
1041,1,66,7,9,8,0,0.434,0
1042,0,17,1,1,3,0,0.363,0
1043,0,44,2,9,5,0,0.838,0
1044,0,17,1,1,3,0,0.35,0
1045,0,57,7,8,8,0,0.441,0
1046,0,47,5,6,6,0,0.386,0
1047,0,17,1,1,3,0,0.351,0
1048,0,16,2,2,4,0,0.377,0
1049,0,16,1,1,3,0,0.345,0
1050,1,35,3,4,6,1,0.416,0
1051,0,16,1,1,3,0,0.346,0
1052,0,44,4,4,6,0,0.365,0
1053,0,44,4,4,6,0,0.382,0
1054,0,32,4,6,4,0,0.377,0
1055,0,60,8,12,6,0,0.451,0
1056,0,12,3,3,3,0,0.922,0
1057,0,24,3,4,4,0,0.42,0
1058,0,24,3,4,4,0,0.428,0
1059,0,16,0,0,3,0,0.349,0
1060,0,44,1,4,6,0,1.255,0
1061,0,16,0,0,3,0,0.35,0
1062,1,20,0,0,4,0,0.858,0
1063,0,35,3,3,5,0,0.36,0
1064,0,16,1,1,3,0,0.349,0
1065,0,26,2,2,4,0,0.349,0
1066,0,59,6,6,5,0,0.717,0
1067,0,24,2,2,4,0,0.354,0
1068,0,16,1,1,3,0,0.347,0
1069,0,17,1,1,3,0,0.349,0
1070,0,16,1,1,3,0,0.352,0
1071,0,20,2,3,3,0,0.375,0
1072,0,24,1,1,4,0,0.348,0
1073,0,16,1,1,3,0,0.347,0
1074,0,17,1,1,3,0,0.354,0
1075,0,24,1,1,4,0,0.349,0
1076,0,25,2,2,4,0,0.355,0
1077,0,20,1,1,4,0,0.378,0
1078,0,12,1,1,3,0,0.357,0
1079,0,24,1,1,4,0,0.355,0
1080,0,16,1,1,3,0,0.349,0
1081,0,17,1,1,3,0,0.362,0
1082,2,66,5,3,10,0,0.399,0
1083,0,35,3,3,5,0,0.359,0
1084,0,17,1,1,3,0,0.35,0
1085,1,130,7,16,17,0,1.134,0
1086,0,24,2,2,4,0,0.353,0
1087,1,27,3,4,4,0,0.395,0
1088,0,24,2,2,4,0,0.354,0
1089,0,16,0,0,3,0,0.351,0
1090,0,17,1,1,3,0,0.358,0
1091,0,34,3,3,5,0,0.355,0
1092,0,17,1,1,3,0,0.36,0
1093,0,193,11,12,9,0,0.697,0
1094,0,35,3,3,5,0,0.359,0
1095,0,24,1,1,4,0,0.347,0
1096,0,119,17,25,11,0,0.701,0
1097,1,39,5,7,5,0,0.511,0
1098,0,17,1,1,3,0,0.35,0
1099,0,12,1,1,3,0,0.359,0
1100,0,24,1,2,4,0,0.703,0
1101,0,20,2,3,3,0,0.37,0
1102,0,17,1,0,4,0,0.442,0
1103,0,12,2,1,3,0,0.379,0
1104,0,22,2,3,3,0,0.381,0
1105,0,13,1,0,3,0,0.366,0
1106,0,31,2,2,4,0,0.366,0
1107,0,11,2,2,1,0,0.343,0
1108,0,20,2,3,3,0,0.371,0
1109,0,13,1,0,3,0,0.372,0
1110,0,20,2,3,3,0,0.43,0
1111,1,25,2,0,5,0,0.434,0
1112,0,17,2,2,3,0,0.347,0
1113,0,20,2,3,3,0,0.439,0
1114,0,17,2,0,3,0,0.376,0
1115,0,38,3,4,5,0,0.795,0
1116,0,17,2,0,4,0,0.376,0
1117,0,34,2,1,5,0,0.354,0
1118,0,17,1,1,3,0,0.353,0
1119,1,61,6,4,10,0,1.062,0
1120,0,16,1,1,3,0,0.351,0
1121,0,25,1,1,4,0,0.351,0
1122,6,212,6,4,9,2,0.817,0
1123,1,36,2,3,7,0,0.489,0
1124,0,25,1,4,4,0,0.571,0
1125,0,17,1,1,3,0,0.349,0
1126,0,12,1,1,3,0,0.363,0
1127,0,34,2,2,5,0,0.357,0
1128,0,17,1,1,3,0,0.355,0
1129,0,12,1,1,3,0,0.385,0
1130,2,64,5,3,13,0,0.534,0
1131,0,24,1,1,4,0,0.371,0
1132,0,26,1,2,4,0,0.424,0
1133,0,12,1,1,3,0,0.363,0
1134,0,16,1,1,3,0,0.349,0
1135,0,26,2,2,4,0,0.354,0
1136,0,16,1,1,3,0,0.372,0
1137,1,16,2,2,3,0,0.371,0
1138,0,16,0,0,3,0,0.349,0
1139,2,47,4,3,9,0,0.543,0
1140,0,70,6,2,9,0,0.365,0
1141,0,37,2,2,3,0,1.419,0
1142,0,35,3,2,5,0,0.362,0
1143,2,177,19,12,22,0,1.056,0
1144,8,154,3,1,32,0,1.075,0
1145,0,16,1,1,3,0,0.348,0
1146,0,20,2,3,3,0,0.389,0
1147,0,25,2,2,4,0,0.351,0
1148,0,20,2,3,3,0,0.373,0
1149,0,17,1,1,3,0,0.355,0
1150,4,172,1,0,5,2,0.356,0
1151,19,426,16,4,68,2,0.504,0
1152,17,241,2,0,36,1,0.455,0
1153,17,241,2,0,36,1,0.432,0
1154,9,135,9,9,18,0,0.371,0
1155,0,16,1,0,3,0,0.351,0
1156,0,16,1,1,3,0,0.352,0
1157,0,16,0,0,3,0,0.353,0
1158,7,141,8,9,26,0,1.433,0
1159,0,25,1,1,4,0,0.352,0
1160,0,41,2,0,6,0,0.354,0
1161,0,14,2,1,3,0,0.406,0
1162,0,20,2,3,3,0,0.412,0
1163,0,25,1,1,4,0,0.348,0
1164,0,55,2,11,6,0,1.037,0
1165,0,25,1,4,4,0,1.136,0
1166,0,33,2,5,4,0,0.892,0
1167,0,41,3,3,4,0,0.556,0
1168,0,31,2,5,4,0,0.741,0
1169,0,61,2,8,5,0,0.776,0
1170,0,41,2,5,4,0,0.858,0
1171,0,49,6,3,4,0,1.383,0
1172,0,24,1,1,4,0,0.354,0
1173,0,16,1,1,3,0,0.357,0
1174,0,17,1,1,3,0,0.423,0
1175,0,113,14,14,16,0,0.43,0
1176,0,24,1,1,4,0,0.375,0
1177,0,9,1,1,1,0,0.345,0
1178,0,25,1,1,4,0,0.352,0
1179,0,8,0,0,2,0,0.344,0
1180,0,32,4,6,4,0,0.527,0
1181,0,24,3,4,4,0,0.402,0
1182,0,18,1,1,4,0,0.385,0
1183,0,32,4,6,4,0,0.419,0
1184,0,42,4,3,6,0,0.364,0
1185,0,41,3,2,4,0,0.984,0
1186,0,24,1,1,4,0,0.354,0
1187,0,122,2,2,3,0,0.354,0
1188,8,85,2,2,14,0,0.448,0
1189,4,80,7,10,10,0,0.595,0
1190,4,77,5,4,12,0,0.874,0
1191,15,177,5,7,23,0,0.73,0
1192,9,157,4,5,19,0,0.972,0
1193,0,24,3,4,4,0,0.419,0
1194,4,64,3,5,9,0,0.68,0
1195,58,850,33,42,122,0,5.647,0
1196,14,126,4,5,22,0,0.588,0
1197,1,56,5,7,8,0,1.073,0
1198,1,73,4,5,13,0,0.909,0
1199,2,56,5,0,10,0,0.486,0
1200,1,32,3,0,6,0,0.381,0
1201,0,17,1,0,3,0,0.351,0
1202,0,17,1,0,3,0,0.353,0
1203,0,16,1,0,3,0,0.357,0
1204,0,32,1,0,5,0,0.359,0
1205,0,12,2,0,2,0,0.373,0
1206,0,54,3,7,5,0,1.423,0
1207,1,20,1,0,4,0,0.45,0
1208,12,256,14,0,41,0,0.806,0
1209,0,52,4,0,7,0,0.355,0
1210,2,52,4,0,8,0,0.43,0
1211,2,26,2,0,6,0,0.384,0
1212,0,16,2,0,4,0,0.386,0
1213,0,16,1,0,3,0,0.35,0
1214,0,134,3,4,3,0,0.373,0
1215,0,17,2,0,4,0,0.5,0
1216,0,17,2,0,4,0,0.37,0
1217,1,28,2,0,5,0,0.383,0
1218,1,20,1,0,4,0,0.361,0
1219,2,64,1,0,10,0,0.497,0
1220,2,40,3,0,7,0,0.481,0
1221,0,16,1,0,3,0,0.348,0
1222,0,16,1,0,3,0,0.35,0
1223,0,25,2,0,4,0,0.347,0
1224,0,20,2,3,3,0,0.369,0
1225,0,17,1,1,3,0,0.345,0
1226,2,32,2,0,6,0,0.418,0
1227,0,12,1,0,3,0,0.655,0
1228,1,20,1,0,4,0,0.403,0
1229,1,36,1,0,6,0,0.362,0
1230,2,32,1,0,6,0,0.385,0
1231,0,16,1,0,3,0,0.349,0
1232,1,16,1,0,4,0,0.37,0
1233,1,20,1,0,4,0,0.353,0
1234,1,20,1,0,4,0,0.376,0
1235,1,28,1,0,5,0,0.373,0
1236,1,20,1,0,4,0,0.359,0
1237,0,25,1,1,4,0,0.355,0
1238,0,16,1,0,3,0,0.343,0
1239,1,16,1,0,4,0,0.376,0
1240,1,24,1,0,5,0,0.678,0
1241,1,20,1,0,4,0,0.353,0
1242,1,20,1,0,4,0,0.357,0
1243,12,104,1,0,25,0,0.552,0
1244,0,40,3,0,6,0,0.357,0
1245,0,16,1,0,3,0,0.344,0
1246,0,64,7,0,9,0,0.759,0
1247,1,36,2,0,6,0,0.393,0
1248,0,24,2,0,4,0,0.359,0
1249,0,24,2,2,4,0,0.35,0
1250,1,20,1,0,4,0,0.354,0
1251,16,352,7,4,64,1,2.2,0
1252,2,49,3,0,9,0,0.466,0
1253,1,20,1,0,4,0,0.406,0
1254,0,16,1,0,3,0,0.346,0
1255,2,75,6,0,12,0,0.515,0
1256,0,33,2,0,5,0,0.357,0
1257,0,16,1,1,3,0,0.35,0
1258,0,16,1,0,3,0,0.348,0
1259,0,75,2,2,2,0,0.41,0
1260,0,24,1,1,4,0,0.354,0
1261,0,24,1,0,4,0,0.354,0
1262,4,70,7,0,16,0,1.175,0
1263,0,24,1,1,4,0,0.354,0
1264,0,33,2,2,6,0,0.369,0
1265,0,67,11,11,9,0,0.66,0
1266,0,24,1,1,4,0,0.352,0
1267,0,4,0,1,1,0,0.734,0
1268,3,272,8,7,8,0,1.017,0
1269,0,12,1,1,3,0,0.387,0
1270,0,8,1,1,1,0,0.352,0
1271,0,17,1,1,3,0,0.353,0
1272,0,24,2,2,4,0,0.385,0
1273,0,32,4,6,4,0,0.389,0
1274,1,26,2,0,6,0,0.689,0
1275,0,16,1,1,3,0,0.346,0
1276,0,16,1,1,3,0,0.348,0
1277,1,50,2,2,9,1,0.416,0
1278,1,67,7,5,9,0,0.543,0
1279,0,17,1,1,3,0,0.352,0
1280,0,50,3,4,1,0,0.37,0
1281,0,24,2,2,4,0,0.352,0
1282,0,25,2,2,4,0,0.351,0
1283,0,42,2,0,6,0,0.36,0
1284,1,24,2,1,6,0,0.442,0
1285,67,845,1,55,197,0,4.124,0
1286,2,71,6,3,16,3,0.507,0
1287,1,21,2,1,5,0,0.421,0
1288,0,43,3,3,6,0,0.358,0
1289,0,33,3,2,5,0,0.355,0
1290,2,64,4,3,10,0,0.835,0
1291,0,16,0,0,3,0,0.352,0
1292,0,8,1,1,1,0,0.365,0
1293,6,151,2,2,21,0,1.633,0
1294,0,17,1,0,3,0,0.354,0
1295,5,325,10,8,25,0,1.475,0
1296,1,21,1,1,4,0,0.387,0
1297,0,17,1,0,3,0,0.348,0
1298,0,16,1,1,3,0,0.349,0
1299,1,33,1,1,7,1,0.362,0
1300,0,17,1,0,3,0,0.346,0
1301,0,24,1,1,4,0,0.352,0
1302,0,20,2,3,3,0,0.48,0
1303,0,13,1,0,3,0,0.377,0
1304,0,16,1,1,3,0,0.353,0
1305,0,17,1,1,3,0,0.356,0
1306,0,45,1,1,8,0,0.428,0
1307,0,20,2,1,5,0,0.398,0
1308,0,34,2,2,6,1,0.39,0
1309,0,26,2,2,4,0,0.37,0
1310,0,30,2,0,5,0,0.367,0
1311,0,17,1,1,3,0,0.345,0
1312,3,29,1,0,6,0,0.391,0
1313,0,131,16,15,16,0,2.111,0
1314,1,17,3,2,4,0,0.774,0
1315,0,32,2,6,4,0,0.389,0
1316,0,16,1,1,3,0,0.35,0
1317,0,22,2,3,3,0,0.37,0
1318,1,40,3,4,7,0,0.395,0
1319,2,51,5,6,9,0,0.416,0
1320,0,16,1,1,3,0,0.353,0
1321,0,17,1,1,3,0,0.353,0
1322,0,17,1,1,3,0,0.354,0
1323,0,17,1,1,3,0,0.351,0
1324,0,25,1,1,5,0,0.393,0
1325,0,17,1,1,3,0,0.367,0
1326,0,53,0,3,4,0,1.054,0
1327,0,55,3,3,4,0,0.746,0
1328,0,24,3,4,4,0,0.389,0
1329,0,17,2,0,4,0,0.419,0
1330,0,16,1,1,3,0,0.351,0
1331,0,17,1,1,3,0,0.35,0
1332,0,16,2,2,4,0,0.413,0
1333,0,4,1,1,1,0,0.693,0
1334,0,25,1,1,4,0,0.355,0
1335,0,1714,15,2,387,0,27.458,0
1336,3,52,3,3,12,0,0.609,0
1337,0,68,7,5,9,0,0.362,0
1338,0,73,6,6,9,0,1.205,0
1339,0,32,3,2,5,0,0.36,0
1340,0,231,3,4,3,0,0.392,0
1341,0,16,1,1,3,0,0.348,0
1342,12,625,44,25,88,0,1.925,0
1343,1,38,4,1,8,0,0.909,0
1344,0,20,2,3,3,0,0.447,0
1345,0,25,1,1,4,0,0.355,0
1346,6,830,58,31,153,0,4.413,0
1347,5,114,3,2,18,0,1.023,0
1348,0,265,0,0,37,1,0.705,0
1349,0,116,0,0,26,0,0.755,0
1350,0,92,0,4,15,0,0.856,0
1351,0,16,1,0,4,0,0.402,0
1352,0,109,0,0,24,0,0.697,0
1353,0,32,2,3,6,0,0.738,0
1354,0,16,1,1,3,0,0.354,0
1355,0,20,2,3,3,0,0.4,0
1356,2,66,8,4,15,0,0.596,0
1357,0,25,0,0,4,0,0.354,0
1358,0,24,1,1,4,0,0.353,0
1359,1,78,4,2,12,0,0.899,0
1360,0,20,1,1,5,0,0.721,0
1361,0,16,1,1,3,0,0.349,0
1362,0,12,1,1,3,0,0.36,0
1363,0,32,2,6,4,0,0.413,0
1364,0,12,1,1,3,0,0.413,0
1365,0,16,1,1,3,0,0.376,0
1366,0,17,1,1,3,0,0.369,0
1367,1,13,1,1,3,0,0.402,0
1368,0,16,1,1,3,0,0.358,0
1369,0,16,0,0,3,0,0.355,0
1370,0,40,0,0,6,0,0.354,0
1371,0,77,5,5,10,0,0.369,0
1372,0,39,1,1,7,0,0.375,0
1373,0,12,1,1,3,0,0.382,0
1374,0,17,1,1,3,0,0.352,0
1375,0,46,4,6,6,0,0.441,0
1376,0,27,2,1,5,0,1.204,0
1377,3,52,3,3,12,0,1.128,0
1378,0,30,3,2,7,0,0.419,0
1379,2,1003,18,12,12,0,1.152,0
1380,0,16,1,1,3,0,0.37,0
1381,1,20,2,1,5,0,0.41,0
1382,0,20,2,3,3,0,0.418,0
1383,0,32,4,6,4,0,0.445,0
1384,1,29,1,1,5,0,0.373,0
1385,0,25,2,2,3,0,0.774,0
1386,0,17,1,1,3,0,0.352,0
1387,0,51,3,2,8,0,0.744,0
1388,0,64,0,0,13,0,0.433,0
1389,0,79,0,0,15,0,0.819,0
1390,0,91,10,12,12,0,0.9,0
1391,0,47,3,2,7,0,0.388,0
1392,0,16,1,1,3,0,0.355,0
1393,5,171,10,10,24,0,0.656,0
1394,11,2984,66,58,67,4,3.045,0
1395,0,25,2,2,4,0,0.355,0
1396,0,17,1,1,3,0,0.365,0
1397,0,25,2,2,4,0,0.363,0
1398,0,17,1,1,3,0,0.357,0
1399,0,81,9,0,11,0,0.37,0
1400,0,61,6,4,10,0,0.607,0
1401,0,13,1,1,3,0,0.483,0
1402,0,12,1,1,3,0,0.685,0
1403,0,12,1,0,3,0,0.817,0
1404,0,23,3,3,5,0,1.657,0
1405,0,16,1,1,3,0,0.368,0
1406,0,13,1,1,3,0,0.409,0
1407,0,12,1,1,3,0,0.403,0
1408,0,12,1,1,3,0,0.444,0
1409,0,16,1,1,3,0,0.379,0
1410,0,37,8,5,6,0,0.983,0
1411,0,24,1,1,4,0,0.354,0
1412,1,65,2,2,9,0,0.612,0
1413,0,37,2,2,3,0,0.918,0
1414,0,9,1,1,0,0,0.381,0
1415,0,8,1,1,2,0,0.355,0
1416,0,33,2,5,4,0,0.433,0
1417,0,20,2,3,3,0,0.366,0
1418,0,13,1,0,3,0,0.386,0
1419,0,20,2,3,3,0,0.361,0
1420,1,78,6,6,11,0,0.404,0
1421,0,16,1,1,3,0,0.352,0
1422,2,34,1,1,7,0,0.471,0
1423,3,51,3,3,12,0,0.7,0
1424,0,16,1,1,3,0,0.349,0
1425,0,17,1,1,3,0,0.35,0
1426,0,35,2,2,5,0,0.355,0
1427,0,16,1,1,3,0,0.361,0
1428,0,70,4,6,9,0,1.0,0
1429,0,8,0,0,2,0,0.342,0
1430,0,17,1,1,3,0,0.35,0
1431,0,17,1,1,3,0,0.345,0
1432,0,25,1,1,4,0,0.351,0
1433,0,78,7,0,10,0,0.366,0
1434,0,24,1,1,4,0,0.352,0
1435,0,44,4,4,6,0,0.357,0
1436,4,357,31,32,51,2,1.817,0
1437,3,86,7,0,14,0,0.46,0
1438,0,16,1,1,3,0,0.374,0
1439,0,31,3,1,5,0,0.387,0
1440,0,23,2,2,4,0,0.355,0
1441,0,68,2,15,7,0,0.476,0
1442,2,104,13,15,12,0,0.427,0
1443,0,16,1,1,3,0,0.366,0
1444,0,33,1,5,5,0,0.405,0
1445,0,17,1,1,3,0,0.372,0
1446,2,88,9,11,12,0,1.244,0
1447,0,20,2,3,3,0,0.405,0
1448,0,20,2,3,3,0,0.392,0
1449,0,29,1,4,4,0,0.417,0
1450,0,41,2,6,6,0,0.398,0
1451,0,35,2,2,4,0,0.516,0
1452,0,13,1,1,3,0,0.489,0
1453,0,13,1,1,3,0,0.531,0
1454,0,25,2,2,3,0,0.378,0
1455,0,74,5,6,10,0,0.387,0
1456,0,59,6,6,8,0,0.36,0
1457,0,64,1,12,6,0,0.901,0
1458,1,40,3,2,9,0,0.519,0
1459,0,20,2,3,3,0,0.369,0
1460,1,36,2,3,7,0,0.728,0
1461,0,16,1,1,3,0,0.345,0
1462,0,23,2,2,3,0,0.769,0
1463,0,20,2,3,3,0,0.393,0
1464,0,20,2,3,3,0,0.397,0
1465,0,56,4,12,6,0,1.002,0
1466,0,51,5,5,7,0,0.363,0
1467,1,198,2,1,47,0,0.735,0
1468,4,361,15,10,15,0,0.902,0
1469,0,17,1,1,3,0,0.349,0
1470,0,16,1,1,3,0,0.345,0
1471,0,42,2,0,6,0,0.359,0
1472,0,20,2,3,3,0,0.635,0
1473,0,17,2,0,3,0,0.841,0
1474,0,44,2,9,5,0,0.483,0
1475,1,25,2,0,5,0,0.504,0
1476,0,20,2,3,3,0,0.479,0
1477,1,25,2,0,5,0,0.718,0
1478,0,36,1,6,4,0,0.392,0
1479,1,97,0,0,20,0,1.233,0
1480,1,52,3,2,8,0,0.715,0
1481,0,24,1,0,4,0,0.355,0
1482,0,8,1,1,1,0,0.349,0
1483,0,16,1,1,3,0,0.353,0
1484,0,24,2,1,4,0,0.35,0
1485,0,12,1,1,3,0,0.371,0
1486,0,24,1,1,4,0,0.348,0
1487,0,16,1,1,3,0,0.353,0
1488,0,193,2,2,3,0,0.372,0
1489,0,156,4,2,5,0,0.353,0
1490,0,24,2,3,4,0,0.51,0
1491,0,24,2,2,4,0,0.351,0
1492,0,24,2,2,4,0,0.349,0
1493,0,17,1,1,3,0,0.351,0
1494,0,12,1,1,3,0,0.761,0
1495,0,20,2,2,5,0,0.408,0
1496,0,40,3,3,10,0,0.405,0
1497,0,32,6,8,4,0,0.437,0
1498,1,35,4,0,8,0,0.856,0
1499,0,44,4,4,7,0,0.362,0
1500,5,60,3,0,11,0,0.403,0
1501,0,17,1,1,3,0,0.353,0
1502,0,17,1,1,3,0,0.351,0
1503,0,44,3,3,6,0,0.791,0
1504,1,56,4,5,5,0,0.436,0
1505,1,27,3,4,4,0,0.386,0
1506,0,73,1,6,10,0,1.1,0
1507,0,24,1,1,4,0,0.356,0
1508,0,16,1,1,3,0,0.35,0
1509,3,47,3,2,11,0,0.575,0
1510,0,31,0,0,6,0,0.366,0
1511,0,12,1,1,3,0,0.382,0
1512,0,35,2,3,5,0,0.751,0
1513,1,148,19,14,15,0,9.789,0
1514,0,42,3,2,4,0,0.591,0
1515,0,24,1,2,4,0,0.697,0
1516,1,39,4,1,6,0,0.352,0
1517,0,16,1,1,3,0,0.35,0
1518,2,137,6,4,6,0,0.356,0
1519,7,145,11,11,24,0,0.502,0
1520,0,30,3,3,5,0,0.351,0
1521,0,110,2,2,3,0,0.349,0
1522,2,86,6,5,13,0,0.407,0
1523,0,178,2,2,3,0,0.352,0
1524,1,31,2,1,6,0,0.398,0
1525,1,45,3,3,6,0,0.444,0
1526,5,206,9,6,30,0,0.422,0
1527,4,85,1,0,14,0,0.467,0
1528,1,57,3,2,9,0,0.399,0
1529,0,23,1,1,4,0,0.346,0
1530,2,182,7,5,6,0,0.355,0
1531,0,23,1,1,4,0,0.346,0
1532,0,50,5,4,6,1,0.754,0
1533,0,30,2,1,5,0,0.352,0
1534,0,32,2,2,5,0,0.351,0
1535,1,35,2,2,6,0,0.36,0
1536,0,229,0,16,6,0,0.466,0
1537,1,38,0,2,6,0,0.362,0
1538,0,17,2,2,3,0,0.742,0
1539,0,134,1,29,13,0,0.838,0
1540,2,40,2,1,7,0,0.683,0
1541,1,31,2,2,5,0,0.351,0
1542,0,20,2,3,3,0,0.365,0
1543,0,23,1,1,4,0,0.351,0
1544,0,64,4,0,9,0,0.361,0
1545,1,23,2,1,4,0,0.353,0
1546,0,98,2,2,3,0,0.354,0
1547,0,16,1,1,3,0,0.355,0
1548,0,24,2,1,4,0,0.352,0
1549,0,40,2,2,6,0,0.351,0
1550,1,26,2,1,6,0,0.408,0
1551,12,208,5,3,11,0,0.372,0
1552,4,91,9,8,14,0,0.438,0
1553,1,31,3,2,7,0,0.483,0
1554,0,124,2,2,4,0,0.352,0
1555,0,63,2,1,10,0,0.524,0
1556,23,787,14,12,20,0,0.395,0
1557,2,48,2,1,9,0,0.398,0
1558,1,68,4,2,10,0,0.38,0
1559,0,9,2,0,1,0,0.384,0
1560,0,5,1,0,1,0,0.668,0
1561,0,5,1,0,1,0,0.483,0
1562,0,10,2,0,2,0,0.825,0
1563,0,5,1,0,1,0,0.659,0
1564,0,9,2,0,1,0,0.38,0
1565,0,5,1,0,1,0,0.651,0
1566,0,9,2,0,1,0,0.365,0
1567,0,9,2,0,1,0,0.423,0
1568,0,9,2,0,1,0,0.353,0
1569,0,5,1,0,1,0,0.657,0
1570,0,5,1,0,1,0,1.818,0
1571,0,12,0,0,3,0,0.522,0
1572,0,8,0,0,2,0,0.338,0
1573,0,84,3,0,14,1,0.883,0
1574,0,246,5,2,54,10,1.992,0
1575,5,371,0,0,88,17,1.562,0
1576,3,2379,3,0,521,21,8.662,0
1577,0,12,0,0,3,0,2.33,0
1578,0,119,2,1,19,0,0.643,0
1579,0,4,0,0,1,0,0.882,0
1580,0,8,0,0,2,0,6.275,0
1581,0,104,3,3,21,0,66.216,0
1582,1,8,0,0,2,1,0.372,0
1583,0,53,0,0,0,0,0.361,0
1584,0,50,0,0,1,0,0.411,0
1585,90,3170,1,0,687,0,3.192,0
1586,0,0,0,0,0,0,0.333,0
1587,0,0,0,0,0,0,0.437,0
1588,0,10,0,0,1,0,0.383,0
1589,0,0,0,0,0,0,0.361,0
1590,0,6,0,0,0,0,0.353,0
1591,0,9,0,0,0,0,0.338,0
1592,0,0,0,0,0,0,0.875,0
1593,0,0,0,0,0,0,0.477,0
1594,0,0,0,0,0,0,0.345,0
1595,0,9,0,0,0,0,0.335,0
1596,0,0,0,0,0,0,0.342,0
1597,0,0,0,0,0,0,0.338,0
1598,0,10,0,0,0,0,0.336,0
1599,0,10,0,0,0,0,0.361,0
1600,0,33,0,0,0,0,0.359,0
1601,0,33,0,0,0,0,0.362,0
1602,0,31,0,0,0,0,0.357,0
1603,0,31,0,0,0,0,0.351,0
1604,0,31,0,0,0,0,0.338,0
1605,0,45,0,0,0,0,0.362,0
1606,0,45,0,0,0,0,0.36,0
1607,0,4,0,0,1,0,0.35,0
1608,0,35,0,0,6,1,1.952,0
1609,0,13,0,0,3,0,0.528,0
1610,0,0,0,0,0,0,0.36,0
1611,1,94,1,0,7,0,0.359,0
1612,0,0,0,0,0,0,0.906,0
1613,0,128,0,0,16,0,0.524,0
1614,0,401,1,0,0,0,0.968,0
1615,0,0,0,0,0,0,0.615,0
1616,0,10,0,0,1,0,0.361,0
1617,0,0,0,0,0,0,0.343,0
1618,0,6,0,0,0,0,0.36,0
1619,0,4,0,0,1,0,0.972,0
1620,0,0,0,0,0,0,0.63,0
1621,0,0,0,0,0,0,0.375,0
1622,0,0,0,0,0,0,0.346,0
1623,0,0,0,0,0,0,0.338,0
1624,0,30,0,0,0,0,0.35,0
1625,0,34,0,0,1,0,0.347,0
1626,0,34,0,0,1,0,0.349,0
1627,0,30,0,0,0,0,0.348,0
1628,0,0,0,0,0,0,0.342,0
1629,0,28,0,0,0,0,0.342,0
1630,0,27,0,0,0,0,1.302,0
1631,0,28,0,0,0,0,0.336,0
1632,0,28,0,0,0,0,0.337,0
1633,0,28,0,0,0,0,0.34,0
1634,0,35,0,0,0,0,0.926,0
1635,0,35,0,0,0,0,0.861,0
1636,0,31,0,0,0,0,2.332,0
1637,0,31,0,0,0,0,1.406,0
1638,0,27,0,0,0,0,1.207,0
1639,0,27,0,0,0,0,2.023,0
1640,0,13,0,0,3,0,0.403,0
1641,0,18,0,0,4,0,1.383,0
1642,0,4,0,0,1,0,0.34,0
1643,0,4,0,0,1,0,0.336,0
1644,0,11,0,0,1,0,0.754,0
1645,0,79,11,0,10,0,0.472,0
1646,1,44,0,0,9,0,0.456,0
1647,0,16,0,0,3,0,0.347,0
1648,0,16,0,0,3,0,0.356,0
1649,0,72,4,4,7,0,1.612,0
1650,0,41,0,0,8,0,0.473,0
1651,0,17,0,0,3,0,1.161,0
1652,22,540,0,0,111,0,4.408,0
1653,0,5,0,0,1,0,0.367,0
1654,0,10,0,0,1,0,0.343,0
1655,0,953,0,0,50,1,0.654,0
1656,0,10,0,0,1,0,0.338,0
1657,1,23,3,1,5,0,0.588,0
1658,0,24,0,0,2,0,0.347,0
1659,0,375,0,0,51,2,0.998,0
1660,0,4,0,0,1,0,0.356,0
1661,0,7,0,0,1,0,0.346,0
1662,1,36,1,0,6,0,0.385,0
1663,1,28,1,0,5,0,0.628,0
1664,0,19,0,0,3,0,22.668,0
1665,1,20,1,0,5,0,0.666,0
1666,0,16,1,0,3,0,0.349,0
1667,0,3201,0,0,3,0,0.815,0
1668,0,4,0,0,1,0,0.36,0
1669,0,15,0,0,1,0,0.338,0
1670,0,3111,0,0,1,0,0.555,0
1671,0,70,0,0,10,0,0.991,0
1672,0,24,0,0,6,0,0.545,0
1673,1,29,1,0,5,0,0.389,0
1674,0,315,0,0,31,0,2.126,0
1675,0,4,0,0,1,0,0.35,0
1676,0,7,0,0,1,0,0.343,0
1677,1,28,1,0,5,0,0.709,0
1678,0,26,0,0,1,0,0.36,0
1679,1,28,1,0,5,0,0.381,0
1680,1,28,1,0,5,0,0.796,0
1681,1,28,1,0,5,0,0.685,0
1682,1,28,1,0,5,0,0.359,0
1683,0,33,0,0,2,0,0.369,0
1684,1,28,1,0,5,0,0.355,0
1685,0,0,0,0,0,0,0.337,0
1686,0,138,0,0,29,6,12.345,0
1687,0,22,0,0,0,0,0.648,0
1688,0,75,0,0,17,4,41.582,0
1689,1,28,1,0,5,0,0.637,0
1690,0,10,0,0,1,0,0.382,0
1691,0,59,0,0,11,2,1.173,0
1692,0,8,1,0,2,0,0.414,0
1693,1,29,1,0,5,0,0.399,0
1694,0,18,0,0,3,1,0.382,0
1695,0,11,0,0,1,0,0.368,0
1696,0,6,1,1,0,0,1.78,0
1697,0,13,0,0,0,0,0.345,0
1698,4,86,1,0,14,0,1.486,0
1699,0,5,1,0,1,0,0.376,0
1700,0,8,0,0,2,1,0.488,0
1701,0,111,4,3,10,0,1.088,0
1702,0,8,0,0,1,0,2.088,0
1703,0,17,1,0,3,0,0.36,0
1704,0,13,1,0,3,0,0.43,0
1705,0,17,1,0,3,0,0.349,0
1706,0,35,1,1,1,0,0.973,0
1707,1,60,2,1,11,0,0.512,0
1708,1,28,1,0,5,0,0.361,0
1709,0,7,1,0,0,0,0.448,0
1710,0,109,4,4,10,0,1.611,0
1711,1,82,0,0,7,0,4.251,0
1712,1,28,1,0,5,0,0.822,0
1713,0,4,0,0,1,0,0.354,0
1714,0,16,0,0,4,1,1.012,0
1715,0,26,1,1,8,0,1.392,0
1716,0,26,1,1,8,0,0.848,0
1717,1,28,1,0,5,0,0.612,0
1718,15,80,0,0,9,0,0.459,0
1719,0,115,2,2,22,0,1.034,0
1720,0,113,2,2,21,0,0.412,0
1721,0,32,0,0,6,1,0.412,0
1722,0,30,1,1,7,0,0.767,0
1723,0,30,1,1,7,0,0.35,0
1724,0,47,1,1,11,0,0.431,0
1725,0,90,3,3,24,0,8.695,0
1726,0,5,0,0,1,0,3.896,0
1727,0,0,0,0,0,0,0.387,0
1728,0,4,0,0,1,0,0.389,0
1729,1,28,1,0,5,0,0.784,0
1730,0,30,2,2,8,0,0.932,0
1731,0,4,0,0,1,0,0.35,0
1732,0,23,0,0,2,0,0.362,0
1733,0,4,0,0,1,0,0.35,0
1734,0,4,0,0,1,0,0.533,0
1735,0,7,1,0,1,0,1.105,0
1736,0,7,1,0,1,0,0.339,0
1737,0,4,0,0,1,0,0.682,0
1738,0,68,1,1,9,0,4.504,0
1739,0,12,2,3,1,0,0.423,0
1740,0,5,1,0,1,0,0.645,0
1741,1,29,2,1,5,0,0.724,0
1742,1,21,2,1,3,0,0.353,0
1743,0,12,2,3,1,0,0.39,0
1744,1,9,1,0,2,0,0.644,0
1745,0,44,0,0,8,0,0.437,0
1746,0,48,2,2,8,0,0.413,0
1747,66,10951,115,20,524,114,26.655,0
1748,58,7769,122,22,386,95,5.556,0
1749,23,821,12,2,134,1,1.893,0
1750,3,440,5,2,69,0,0.546,0
1751,3,143,4,2,24,0,0.443,0
1752,0,23,1,0,3,0,0.529,0
1753,0,287,13,10,47,5,1.676,0
1754,0,180,5,2,32,4,0.97,0
1755,0,45,0,0,9,1,0.392,0
1756,0,16,0,0,4,0,0.346,0
1757,0,8,0,0,2,0,0.355,0
1758,24,1040,23,5,169,1,1.615,0
1759,24,996,22,4,155,1,0.888,0
1760,23,732,10,0,118,0,0.757,0
1761,3,378,3,0,57,0,0.45,0
1762,3,97,2,0,16,0,0.366,0
1763,0,4466,24,6,200,89,5.704,0
1764,0,2410,20,4,137,74,3.13,0
1765,0,22,0,0,5,0,0.633,0
1766,0,16,0,0,4,0,0.437,0
1767,0,8,0,0,2,0,0.34,0
1768,0,26,1,1,4,0,0.651,0
1769,0,4,0,0,1,0,0.919,0
1770,0,469,6,4,15,0,1.926,0
1771,478,32642,388,184,1300,38,45.02,0
1772,258,19885,204,148,682,16,9.861,0
1773,0,26,0,0,6,0,0.549,0
1774,258,19949,205,149,686,16,7.473,0
1775,0,14,1,1,1,0,0.389,0
1776,0,236,0,0,37,5,1.141,0
1777,0,177,0,0,29,4,0.512,0
1778,0,56,0,0,9,0,0.371,0
1779,0,16,0,0,4,0,0.344,0
1780,0,8,0,0,2,0,0.368,0
1781,0,56,2,2,10,0,1.436,0
1782,0,66,2,2,10,0,0.756,0
1783,68,1472,19,8,286,8,12.274,0
1784,45,1051,16,7,198,4,5.751,0
1785,40,760,10,3,151,3,2.634,0
1786,16,339,6,2,68,2,1.559,0
1787,16,224,3,1,48,1,1.187,0
1788,0,26,1,1,3,0,0.394,0
1789,0,0,0,0,0,0,0.34,0
1790,0,26,1,1,4,0,0.989,0
1791,0,484,0,0,43,0,7.764,0
1792,0,122,0,0,13,0,1.613,0
1793,0,31,0,0,7,0,0.739,0
1794,0,16,0,0,4,0,0.452,0
1795,0,8,0,0,2,0,0.479,0
1796,0,163,4,2,25,2,1.869,0
1797,0,26,1,1,4,0,1.031,0
1798,0,28,0,0,6,0,1.361,0
1799,0,4,0,0,1,0,0.518,0
1800,0,125,0,0,18,0,0.787,0
1801,0,131,0,0,18,0,0.705,0
1802,0,24,0,0,6,0,0.643,0
1803,0,4,0,0,1,0,0.381,0
1804,0,56,0,0,14,0,0.635,0
1805,0,10,1,1,0,0,0.403,0
1806,0,4,0,0,1,0,0.342,0
1807,6,417,45,6,58,0,1.978,0
1808,6,536,51,6,71,0,1.082,0
1809,0,16,0,0,4,0,0.351,0
1810,0,181,1,0,31,0,2.713,0
1811,0,199,1,0,29,0,0.526,0
1812,0,114,0,0,16,0,0.385,0
1813,0,56,0,0,8,0,0.368,0
1814,0,146,0,0,26,0,0.996,0
1815,0,181,0,0,26,0,0.404,0
1816,0,35,0,0,7,0,0.35,0
1817,0,18,0,0,4,0,0.347,0
1818,0,12,1,1,1,0,0.959,0
1819,0,12,1,1,1,0,0.382,0
1820,0,0,0,0,0,0,0.336,0
1821,0,0,0,0,0,0,0.339,0
1822,87,1582,46,52,257,0,4.762,0
1823,0,0,0,0,0,0,0.336,0
1824,0,0,0,0,0,0,0.342,0
1825,0,0,0,0,0,0,0.338,0
1826,0,30,2,0,5,0,0.856,0
1827,0,13,1,0,3,0,0.668,0
1828,0,112,7,5,19,0,0.783,0
1829,0,20,1,0,4,0,0.377,0
1830,0,63,3,0,10,0,0.932,0
1831,14,2233,52,20,172,2,2.294,0
1832,14,1479,26,16,103,2,1.525,0
1833,6,709,22,15,60,2,1.107,0
1834,0,27,2,0,5,0,0.68,0
1835,0,8,0,0,2,0,0.346,0
1836,0,26,2,0,5,0,0.73,0
1837,0,17,2,0,3,0,0.388,0
1838,0,35,2,0,5,0,0.735,0
1839,3,100,1,1,15,0,0.792,0
1840,19,2468,39,9,210,5,2.227,0
1841,8,2177,39,9,165,5,2.352,0
1842,8,1684,37,7,97,2,1.051,0
1843,0,34,1,0,7,0,0.72,0
1844,11,193,0,0,43,2,1.982,0
1845,0,34,1,0,7,0,0.72,0
1846,11,193,0,0,43,2,1.982,0
1847,0,34,1,0,7,0,0.72,0
1848,11,193,0,0,43,2,1.982,0
0,0,19,1,1,3,0,0.792,1
1,0,12,0,0,3,0,0.369,1
2,0,12,0,0,3,0,0.366,1
3,0,9,1,1,2,1,0.476,1
4,0,28,0,0,5,0,0.413,1
5,0,35,0,0,5,0,0.513,1
6,0,35,0,0,5,0,0.46,1
7,0,0,0,0,0,0,0.355,1
8,48,315,3,3,71,0,2.9,1
9,62,1268,13,7,242,2,5.014,1
10,0,25,1,1,5,0,0.464,1
11,62,3450,8,8,329,32,21.78,1
12,276,5824,49,40,1057,24,15.358,1
13,458,10148,78,79,633,59,38.415,1
14,10,452,5,21,81,1,1.613,1
15,25,771,5,3,142,0,18.379,1
16,27,1946,47,30,360,3,16.191,1
17,62,1658,64,46,282,1,10.072,1
18,54,1830,20,18,313,5,11.235,1
19,88,7892,191,132,673,3,34.689,1
20,256,14413,338,240,1775,12,66.472,1
21,0,8,0,0,2,0,0.394,1
22,763,24871,491,399,710,80,115.785,1
23,0,22,1,0,3,0,0.387,1
24,0,574,63,69,38,1,5.027,1
25,24,4651,69,23,70,0,0.628,1
26,0,48,3,2,8,0,0.473,1
27,64,3185,122,109,599,3,14.154,1
28,64,3184,122,109,599,3,14.437,1
29,64,3184,122,109,599,3,13.572,1
30,0,230,22,7,35,1,1.484,1
31,0,31,0,0,7,1,1.976,1
32,2,185,1,1,36,1,1.289,1
33,0,594,56,56,63,0,0.664,1
34,4,719,57,56,78,0,0.637,1
35,3,102,3,3,17,0,1.804,1
36,0,14,1,1,1,0,0.341,1
37,0,196,1,4,29,0,9.403,1
38,3,752,3,4,142,1,14.92,1
39,3,711,3,4,131,0,2.814,1
40,3,503,2,3,105,0,1.529,1
41,2,455,2,3,97,0,1.87,1
42,2,379,1,2,82,0,11.714,1
43,0,24,0,0,6,0,0.352,1
44,0,24,1,1,4,0,0.398,1
45,0,24,1,1,4,0,0.353,1
46,0,47,0,0,11,1,1.455,1
47,0,947,63,20,63,8,1.643,1
48,763,24730,491,399,710,80,133.464,1
49,0,64,0,0,10,0,0.385,1
50,48,245,2,2,56,0,2.69,1
51,0,13,1,0,3,0,0.897,1
52,4,463,2,2,6,0,2.802,1
53,0,17,1,0,4,0,0.684,1
54,0,110,4,4,3,0,0.4,1
55,0,167,6,0,4,0,0.41,1
56,0,341,10,0,7,0,0.427,1
57,2,291,2,2,5,0,0.893,1
58,0,119,3,0,1,0,0.343,1
59,0,156,2,2,3,0,0.451,1
60,0,140,8,5,2,0,0.344,1
61,2,197,2,2,5,0,0.466,1
62,0,155,3,0,3,0,0.354,1
63,2,213,2,2,5,0,0.494,1
64,0,48,3,0,1,0,0.339,1
65,1,25,1,1,5,0,0.501,1
66,0,151,3,0,3,0,0.343,1
67,14,4439,65,23,65,0,0.685,1
68,0,202,9,0,4,0,0.386,1
69,10,110,0,0,2,0,0.34,1
70,0,167,2,2,3,0,0.734,1
71,0,290,3,0,4,0,0.368,1
72,0,30,0,6,4,0,1.019,1
73,0,41,1,0,9,0,1.82,1
74,0,13,1,1,3,0,2.214,1
75,2,29,1,1,6,0,0.435,1
76,1,29,1,1,6,1,0.406,1
77,1,44,2,3,8,0,1.493,1
78,1,31,2,2,6,0,1.007,1
79,1,22,2,1,5,0,0.875,1
80,2,60,2,2,10,0,0.511,1
81,1,42,2,2,8,0,1.696,1
82,2,29,1,1,6,0,1.417,1
83,7,206,6,3,40,1,1.36,1
84,1,25,1,1,5,0,1.512,1
85,1,25,1,1,5,0,0.944,1
86,4,124,3,0,23,0,1.647,1
87,1,49,5,5,8,0,1.324,1
88,1,25,1,1,5,0,0.757,1
89,1,39,2,1,8,0,0.49,1
90,1,25,1,1,5,0,2.41,1
91,1,25,1,1,5,0,1.01,1
92,12,303,0,0,48,1,1.749,1
93,1,25,1,1,5,0,0.928,1
94,0,17,1,1,4,0,0.476,1
95,0,22,1,0,4,0,0.382,1
96,15,449,0,0,76,3,1.485,1
97,0,31,2,3,5,0,0.564,1
98,0,13,1,0,3,0,0.457,1
99,0,18,2,1,4,0,0.417,1
100,0,22,2,1,5,0,0.651,1
101,0,30,2,1,6,0,0.945,1
102,1,27,2,1,6,0,0.398,1
103,1,35,2,3,6,0,0.435,1
104,0,25,2,3,4,0,0.55,1
105,0,13,1,0,3,0,0.428,1
106,0,20,2,3,3,0,0.396,1
107,0,13,1,0,3,0,0.838,1
108,31,843,0,0,124,1,1.948,1
109,1,79,5,4,7,0,1.751,1
110,1,33,1,1,8,1,0.474,1
111,1,57,0,2,8,0,0.904,1
112,5,82,3,1,16,0,1.026,1
113,0,19,0,3,3,0,0.382,1
114,0,220,13,31,21,0,2.561,1
115,0,51,3,2,5,0,1.419,1
116,7,205,7,7,41,3,1.89,1
117,4,145,7,8,21,0,1.646,1
118,2,33,2,3,6,0,0.515,1
119,1,89,6,4,20,2,1.665,1
120,9,89,0,0,21,0,1.283,1
121,1,40,2,2,8,0,0.546,1
122,1,35,3,2,7,0,0.821,1
123,5,132,4,2,23,0,0.962,1
124,1,64,6,4,8,0,0.684,1
125,0,703,0,0,117,0,0.856,1
126,3,46,1,1,9,0,0.787,1
127,1,17,1,1,4,0,1.076,1
128,1,17,1,1,4,0,0.58,1
129,1,105,1,1,24,1,0.724,1
130,1,17,1,1,4,0,0.763,1
131,1,17,1,1,4,0,0.531,1
132,0,16,1,1,3,0,0.363,1
133,0,190,20,23,20,0,3.171,1
134,1,56,0,0,11,2,0.493,1
135,0,13,1,0,3,0,0.404,1
136,19,305,10,24,52,0,2.37,1
137,1,141,0,0,22,0,1.794,1
138,6,142,1,0,24,3,0.754,1
139,0,60,4,4,9,0,1.933,1
140,3,914,0,0,221,0,1.134,1
141,5,117,1,0,19,0,0.558,1
142,10,172,0,0,33,1,0.519,1
143,1,22,2,1,5,0,0.353,1
144,32,285,0,0,44,0,5.687,1
145,2,63,0,0,13,1,1.103,1
146,0,13,1,0,3,0,0.47,1
147,6,72,3,4,11,0,1.139,1
148,4,67,0,0,12,0,2.646,1
149,0,27,2,0,5,0,0.371,1
150,772,27339,508,415,949,89,165.697,1
151,0,13,0,0,3,0,0.409,1
152,0,14,1,1,1,0,0.346,1
153,21,21705,536,459,907,8,2604.772,1
154,0,658,20,20,110,0,438.16,1
155,0,662,19,19,113,0,84.974,1
156,0,236,6,6,41,0,1973.435,1
157,0,2108,0,0,86,42,5.247,1
158,0,155,0,0,23,0,0.48,1
159,0,96,0,0,24,0,1.532,1
160,0,505,0,0,49,2,0.88,1
161,0,1224,3,3,214,16,6.013,1
162,0,1132,3,3,191,5,3.291,1
163,0,25,0,0,6,0,0.843,1
164,0,1351,3,3,244,30,3.59,1
165,2,29,1,1,6,0,0.56,1
166,0,315,0,46,37,1,2.755,1
167,1,25,1,1,5,0,2.057,1
168,1,29,1,1,6,1,0.899,1
169,1,31,2,2,5,0,1.919,1
170,1,99,2,15,11,0,1.052,1
171,1,25,1,1,5,0,1.098,1
172,1,74,3,3,5,0,1.089,1
173,2,63,2,1,13,1,2.355,1
174,6,119,0,0,19,0,1.032,1
175,0,104,0,24,10,0,0.52,1
176,1,108,12,9,12,0,1.512,1
177,1,51,4,6,7,0,0.869,1
178,0,20,2,3,3,0,0.393,1
179,0,36,5,7,5,0,0.454,1
180,3,33,1,1,7,0,0.419,1
181,2,144,1,7,23,0,1.801,1
182,1,54,1,4,9,0,0.878,1
183,0,20,2,3,3,0,0.401,1
184,0,44,6,9,5,0,0.427,1
185,1,45,2,1,7,0,0.393,1
186,1,39,2,3,6,0,0.645,1
187,0,36,5,7,5,0,0.532,1
188,0,19,2,3,3,0,0.431,1
189,0,46,5,3,8,0,0.604,1
190,0,27,2,3,4,0,0.469,1
191,0,31,4,6,4,0,0.641,1
192,0,20,2,3,3,0,0.451,1
193,0,20,2,3,3,0,0.488,1
194,4,201,1,12,26,0,1.25,1
195,0,20,2,3,3,0,0.388,1
196,0,44,4,9,5,0,0.507,1
197,0,35,3,0,6,0,0.456,1
198,3,153,1,1,28,0,1.377,1
199,0,37,0,5,4,0,0.37,1
200,0,53,3,2,5,0,0.798,1
201,0,22,0,0,5,0,0.429,1
202,0,20,2,3,3,0,0.407,1
203,0,19,2,3,3,0,0.438,1
204,1,100,0,1,15,0,1.129,1
205,1,70,4,3,10,0,1.244,1
206,2,72,3,3,9,0,1.448,1
207,1,33,2,1,8,1,0.43,1
208,2,34,3,5,5,0,0.858,1
209,2,42,5,3,9,0,0.993,1
210,1,34,4,3,6,0,1.235,1
211,1,17,1,1,4,0,0.466,1
